
--
-- Дамп данных таблицы `additives`
--

INSERT INTO `additives` (`id`, `title`, `created_at`, `updated_at`, `slug`) VALUES
                                                                                (1, 'цинк', NULL, NULL, 'cink'),
                                                                                (2, 'фосфат цинка', NULL, NULL, 'fosfat-cinka'),
                                                                                (3, 'слюдяной оксид железа (MIO)', NULL, NULL, 'sliudianoi-oksid-zeleza-mio'),
                                                                                (4, 'стеклянные чешуйки (GF)', NULL, NULL, 'stekliannye-cesuiki-gf'),
                                                                                (5, 'алюминий', NULL, NULL, 'aliuminii'),
                                                                                (6, 'индикатор температуры', NULL, NULL, 'indikator-temperatury'),
                                                                                (7, 'фтор', NULL, NULL, 'ftor'),
                                                                                (8, 'кварцевый песок', NULL, NULL, 'kvarcevyi-pesok');

-- --------------------------------------------------------


--
-- Дамп данных таблицы `binders`
--

INSERT INTO `binders` (`id`, `title`, `created_at`, `updated_at`, `slug`) VALUES
                                                                              (1, 'акрил', NULL, NULL, 'akril'),
                                                                              (2, 'алкид', NULL, NULL, 'alkid'),
                                                                              (3, 'битум', NULL, NULL, 'bitum'),
                                                                              (4, 'винил', NULL, NULL, 'vinil'),
                                                                              (5, 'винилэфир', NULL, NULL, 'vinilefir'),
                                                                              (6, 'на водной основе', NULL, NULL, 'na-vodnoi-osnove'),
                                                                              (7, 'неорганическое керамическое', NULL, NULL, 'neorganiceskoe-keramiceskoe'),
                                                                              (8, 'новолак', NULL, NULL, 'novolak'),
                                                                              (9, 'полиуретан', NULL, NULL, 'poliuretan'),
                                                                              (10, 'полиэфир', NULL, NULL, 'poliefir'),
                                                                              (11, 'противообрастающее', NULL, NULL, 'protivoobrastaiushhee'),
                                                                              (12, 'силикон', NULL, NULL, 'silikon'),
                                                                              (13, 'силоксан', NULL, NULL, 'siloksan'),
                                                                              (14, 'фенол', NULL, NULL, 'fenol'),
                                                                              (15, 'хлоркаучук', NULL, NULL, 'xlorkaucuk'),
                                                                              (16, 'чистый эпоксид', NULL, NULL, 'cistyi-epoksid'),
                                                                              (17, 'эпоксид', NULL, NULL, 'epoksid'),
                                                                              (18, 'эпоксид с амидным отверждением', NULL, NULL, 'epoksid-s-amidnym-otverzdeniem'),
                                                                              (19, 'эпоксид с феналкаминовым отверждением', NULL, NULL, 'epoksid-s-fenalkaminovym-otverzdeniem'),
                                                                              (20, 'этилсиликат', NULL, NULL, 'etilsilikat');

-- --------------------------------------------------------


--
-- Дамп данных таблицы `brands`
--

INSERT INTO `brands` (`id`, `title`, `image`, `slug`, `created_at`, `updated_at`) VALUES
                                                                                      (1, 'ppg', NULL, 'ppg', NULL, NULL),
                                                                                      (2, 'hempel', NULL, 'hempel', NULL, NULL),
                                                                                      (3, 'jotun', NULL, 'jotun', NULL, NULL),
                                                                                      (4, 'international', NULL, 'international', NULL, NULL),
                                                                                      (5, 'вмп', NULL, 'vmp', NULL, NULL);

-- --------------------------------------------------------


--
-- Дамп данных таблицы `catalogs`
--

INSERT INTO `catalogs` (`id`, `title`, `slug`, `created_at`, `updated_at`) VALUES
                                                                               (1, 'защитные (protective)', 'zashhitnye-protective', NULL, NULL),
                                                                               (2, 'морские (marine)', 'morskie-marine', NULL, NULL),
                                                                               (3, 'огнезащитные (pfp)', 'ognezashhitnye-pfp', NULL, NULL),
                                                                               (4, 'специальные (special)', 'specialnye-special', NULL, NULL);

-- --------------------------------------------------------

-- --------------------------------------------------------


--
-- Дамп данных таблицы `environments`
--

INSERT INTO `environments` (`id`, `title`, `created_at`, `updated_at`, `slug`) VALUES
                                                                                   (1, 'атмосфера', NULL, NULL, 'atmosfera'),
                                                                                   (2, 'погружение в воду', NULL, NULL, 'pogruzenie-v-vodu'),
                                                                                   (3, 'погружение в почву', NULL, NULL, 'pogruzenie-v-pocvu'),
                                                                                   (4, 'погружение', NULL, NULL, 'pogruzenie');

-- --------------------------------------------------------

--
-- Дамп данных таблицы `numbers`
--

INSERT INTO `numbers` (`id`, `title`, `created_at`, `updated_at`, `slug`) VALUES
                                                                              (1, 'грунт', NULL, NULL, 'grunt'),
                                                                              (2, 'промежуток', NULL, NULL, 'promezutok'),
                                                                              (3, 'финиш', NULL, NULL, 'finis'),
                                                                              (4, 'внутреннее', NULL, NULL, 'vnutrennee');

-- --------------------------------------------------------


--
-- Дамп данных таблицы `products`
--

INSERT INTO `products` (`id`, `title`, `description`, `brand_id`, `catalog_id`, `vs`, `dft`, `dry_to_touch`, `dry_to_handle`, `min_int`, `max_int`, `tolerance`, `min_temp`, `max_service_temp`, `pds`, `created_at`, `updated_at`, `slug`) VALUES
                                                                                                                                                                                                                                                (1, 'AMERCOAT 182 ZH HB', 'двухкомпонентное толстослойное цинк-фосфатное грунтовочное/ межслойное покрытие полиамидного отверждения', 1, 1, 55, 100, 3.00, 4.00, 4.00, 0, 0, 5, 120, NULL, NULL, NULL, 'amercoat-182-zh-hb'),
                                                                                                                                                                                                                                                (2, 'AMERCOAT 236', 'двухкомпонентное многофугкциональное эпоксидное покрытие с феналкаминовым отвердителем', 1, 1, 80, 100, 4.00, 8.00, 5.00, 30, 0, -7, 120, 'products/pds/lLSmVC9S54qQebKcKvx3BxXGAAjzSsmKxI0P5zQa.pdf', NULL, '2022-05-20 05:04:03', 'amercoat-236'),
                                                                                                                                                                                                                                                (3, 'AMERCOAT 240', 'двухкомпонентное многофугкциональное эпоксидное покрытие с феналкаминовым отвердителем', 1, 1, 87, 300, 5.00, 10.00, 5.00, 90, 0, -18, 120, 'https://docs.td.ppgpmc.com/download/646/2541/amercoat-240--sigmacover-240', NULL, '2022-05-17 03:24:13', 'amercoat-240'),
                                                                                                                                                                                                                                                (4, 'amercoat 385', 'Двухкомпонентное толстослойное многофункциональное покрытие, отверждаемое полиамидом', 1, 1, 68, 200, 2.00, 16.00, 12.00, NULL, 1, 4, 120, 'https://docs.td.ppgpmc.com/download/896/64213/amercoat-385', '2022-04-12 09:27:18', '2022-04-12 11:23:53', 'amercoat-385'),
                                                                                                                                                                                                                                                (5, 'amercoat 391 pc', 'двухкомпонентное, не содержащее растворитель, эпоксидное покрытие, утверждаемое полиамином', 1, 1, 100, 1000, 2.00, 5.00, 16.00, 0.66, 0, 5, 60, 'https://docs.td.ppgpmc.com/download/21735/53409/amercoat-391-pc', '2022-04-12 10:01:04', '2022-04-12 10:01:04', 'amercoat-391-pc'),
                                                                                                                                                                                                                                                (6, 'amercoat 450 e', 'Двухкомпонентное, алифатическое, акрил-полиуретановое финишное покрытие', 1, 1, 60, 75, 3.00, 8.00, 8.00, NULL, 0, 0, 120, 'https://docs.td.ppgpmc.com/download/762/65526/amercoat-450-e', '2022-04-12 10:10:48', '2022-04-12 11:24:12', 'amercoat-450-e'),
                                                                                                                                                                                                                                                (7, 'amercoat 450 s', 'Двухкомпонентное, алифатическое, акрил-полиуретановое финишное покрытие (450 Series)', 1, 1, 58, 50, 1.00, 4.00, 4.00, NULL, 0, 0, 120, 'https://docs.td.ppgpmc.com/download/827/53453/amercoat-450-s', '2022-04-12 10:13:44', '2022-04-12 11:24:28', 'amercoat-450-s'),
                                                                                                                                                                                                                                                (8, 'amercoat 71 tc', 'Двухкомпонентное связующее эпоксидное покрытие полиамидного отверждения', 1, 1, 51, 50, 2.00, 4.00, 4.00, NULL, 1, 5, 120, 'https://docs.td.ppgpmc.com/download/21760/64155/amercoat-71-tc', '2022-04-12 10:19:03', '2022-04-12 11:24:43', 'amercoat-71-tc'),
                                                                                                                                                                                                                                                (9, 'amerlock 400 al', 'двухкомпонентное эпоксидное покрытие с высоким сухим остатком', 1, 1, 88, 125, 6.00, 24.00, 16.00, 90, 1, 10, 120, 'https://docs.td.ppgpmc.com/download/929/2450/amerlock-400-al', '2022-04-12 10:24:25', '2022-04-12 10:24:25', 'amerlock-400-al'),
                                                                                                                                                                                                                                                (10, 'amershield', 'Двухкомпонентное полиэфирно-акриловое алифатическое полиуретановое финишное покрытие', 1, 1, 73, 150, 0.75, 3.00, 8.00, 4, 0, -5, 121, 'https://docs.td.ppgpmc.com/download/802/2381/amershield', '2022-04-12 10:31:52', '2022-04-12 10:31:52', 'amershield'),
                                                                                                                                                                                                                                                (11, 'dimetcote 11', 'Однокомпонентное, неорганическое, цинк-силикатное покрытие', 1, 1, 58, 65, 0.05, 0.10, 16.00, 90, 0, 10, 400, 'https://docs.td.ppgpmc.com/download/21704/65050/dimetcote-11', '2022-04-12 10:39:08', '2022-04-12 10:39:08', 'dimetcote-11'),
                                                                                                                                                                                                                                                (12, 'dimetcote 9', 'Двухкомпонентное влагоотверждаемое цинкэтилсиликатное покрытие', 1, 1, 63, 75, 0.25, 0.50, 24.00, NULL, 0, -18, 400, 'https://docs.td.ppgpmc.com/download/504/2539/dimetcote-9', '2022-04-12 10:43:55', '2022-04-12 11:24:57', 'dimetcote-9'),
                                                                                                                                                                                                                                                (13, 'hi-temp 1027', 'Однокомпонентное, толстослойное термостойкое инертное полимерноматричное / неорганическое керамическое покрытие', 1, 1, 72, 250, 6.00, 24.00, 8.00, NULL, 0, 10, 760, 'https://docs.td.ppgpmc.com/download/11506/53399/ppg-hi-temp-1027', '2022-04-12 10:49:02', '2022-04-12 11:25:12', 'hi-temp-1027'),
                                                                                                                                                                                                                                                (14, 'novaguard 260', 'Двух-компонентное, толстослойное новолачно фенольное эпоксидное грунт/покрытие, отверждаемое аминным аддуктом', 1, 1, 68, 100, 1.50, 3.00, 8.00, 30, 0, 5, 90, 'https://docs.td.ppgpmc.com/download/609/63836/novaguard-260', '2022-04-12 10:54:00', '2022-04-12 11:00:21', 'novaguard-260'),
                                                                                                                                                                                                                                                (15, 'novaguard 4701', 'винилэфирный грунт, усиленный стеклянными чешуйками', 1, 1, 91, 120, 4.00, 8.00, 1.50, 3, 0, 10, 80, 'products/pds/BWYg06485rMCE9UsIzTaYphWNVklcGMZama8jjwe.pdf', '2022-04-12 11:08:12', '2022-04-12 11:08:12', 'novaguard-4701'),
                                                                                                                                                                                                                                                (16, 'novaguard 4801', 'Двухкомпонентное, усиленное стеклянными чешуйками, новолачное винилэфирное покрытие', 1, 1, 99, 1000, 9.00, 18.00, 2.50, 2, 0, 10, 170, 'https://docs.td.ppgpmc.com/download/583/23118/novaguard-4801', '2022-04-13 10:20:39', '2022-04-13 10:20:39', 'novaguard-4801'),
                                                                                                                                                                                                                                                (17, 'novaguard 615', 'Двухкомпонентное не содержащее растворителей модифицированное фенолэпоксидное покрытие отверждаемое амином', 1, 1, 100, 300, 8.00, 12.00, 12.00, 60, 0, 5, 60, 'https://docs.td.ppgpmc.com/download/21646/53577/novaguard-615', '2022-04-13 10:24:07', '2022-04-13 10:24:07', 'novaguard-615'),
                                                                                                                                                                                                                                                (18, 'novaguard 650', 'Двухкомпонентное, не содержащее растворителей эпоксидное покрытие отверждаемое амином', 1, 1, 100, 300, 8.00, 12.00, 12.00, 180, 0, 5, 60, 'https://docs.td.ppgpmc.com/download/468/53568/novaguard-650', '2022-04-13 10:27:03', '2022-04-13 10:27:03', 'novaguard-650'),
                                                                                                                                                                                                                                                (19, 'novaguard 840', 'Двухкомпонентное новолачное фенол-эпоксидное покрытие аминного отверждения, не содержащее растворителя', 1, 1, 100, 300, 6.00, 16.00, 24.00, 60, 0, 5, 120, 'https://docs.td.ppgpmc.com/download/458/1969/novaguard-840', '2022-04-13 10:30:23', '2022-04-13 10:30:23', 'novaguard-840'),
                                                                                                                                                                                                                                                (20, 'novaguard 890', 'Двухкомпонентное новолачное фенол-эпоксидное покрытие аминного отверждения, не содержащее растворителя', 1, 1, 100, 300, 8.00, 18.00, 24.00, 60, 0, 10, 120, 'https://docs.td.ppgpmc.com/download/559/23088/novaguard-890', '2022-04-13 10:33:51', '2022-04-13 10:33:51', 'novaguard-890'),
                                                                                                                                                                                                                                                (21, 'novaguard 890 conductive', 'Двухкомпонентное, не содержащее растворителей, фенолэпоксидное новолачное покрытие, отверждаемое амином', 1, 1, 100, 800, 8.00, 24.00, 24.00, 60, 0, 5, 120, 'https://docs.td.ppgpmc.com/download/558/23089/novaguard-890-conductive', '2022-04-13 10:36:36', '2022-04-13 10:36:36', 'novaguard-890-conductive'),
                                                                                                                                                                                                                                                (22, 'nu-klad hd', 'Четырехкомпонентное самовыравнивающееся противоскользящее эпоксидное напольное покрытие без содержания растворителя', 1, 1, 100, 4000, 8.00, 16.00, 16.00, NULL, 0, 10, 120, 'https://docs.td.ppgpmc.com/download/779/33335/nu-klad-hd', '2022-04-13 10:40:57', '2022-04-13 10:40:57', 'nu-klad-hd'),
                                                                                                                                                                                                                                                (23, 'nu-klad imp', 'двухкомпонентное пропиточное эпоксидное напольное покрытие без содержания растворителя', 1, 1, 100, 50, 8.00, 16.00, 16.00, 7, 0, 10, 120, 'https://docs.td.ppgpmc.com/download/756/756/nu-klad-imp', '2022-04-13 10:46:38', '2022-04-13 10:46:38', 'nu-klad-imp'),
                                                                                                                                                                                                                                                (24, 'nu-klad sl', 'Трёхкомпонентное самовыравнивающееся эпоксидное напольное покрытие без растворителя', 1, 1, 100, 2000, 24.00, 24.00, 24.00, 7, 0, 10, 120, 'https://docs.td.ppgpmc.com/download/769/33334/nu-klad-sl', '2022-04-13 10:49:32', '2022-04-13 10:49:32', 'nu-klad-sl'),
                                                                                                                                                                                                                                                (25, 'phenguard 930/935/940', 'Двухкомпонентное толстослойное эпоксидное новолачное покрытие, с длительным интервалом перекрытия, отверждаемое полиаминовым аддуктом', 1, 1, 66, 100, 2.00, 4.00, 36.00, 28, 0, 10, 120, 'https://docs.td.ppgpmc.com/download/32003/65604/phenguard-930935940', '2022-04-13 10:53:19', '2022-04-13 10:53:19', 'phenguard-930-935-940'),
                                                                                                                                                                                                                                                (26, 'phenguard 965', 'Двухкомпонентное толстослойное эпоксидное новолачное покрытие, с длительным интервалом перекрытия, отверждаемое полиаминовым аддуктом', 1, 1, 68, 100, 2.00, 4.00, 8.00, 14, 0, 5, 120, 'https://docs.td.ppgpmc.com/download/623/23091/phenguard-965', '2022-04-14 10:04:50', '2022-04-14 10:04:50', 'phenguard-965'),
                                                                                                                                                                                                                                                (27, 'phenguard subsea 610', 'Двухкомпонентный, толстослойный новолачный эпоксидно-фенольный грунт отверждаемый аминным аддуктом.', 1, 1, 66, 175, 4.00, 8.00, 3.00, 21, 0, 10, 180, 'https://docs.td.ppgpmc.com/download/31876/64502/phenguard-subsea-610', '2022-04-14 10:08:52', '2022-04-14 10:08:52', 'phenguard-subsea-610'),
                                                                                                                                                                                                                                                (28, 'PHENGUARD SUBSEA 780', 'Двухкомпонентный эпоксидно-фенольный финишный слой, отверждаемый аминным аддуктом', 1, 1, 66, 175, 2.00, 8.00, 3.00, 21, 0, 10, 150, 'https://docs.td.ppgpmc.com/download/507/64503/phenguard-subsea-780', '2022-04-14 10:13:05', '2022-05-14 03:26:55', 'phenguard-subsea-780'),
                                                                                                                                                                                                                                                (29, 'PITT-CHAR NX', 'Двухкомпонентное, эластичное, эпоксидное вспучвающееся огнезащитное покрытие со 100% сухим остатком, использумое в нефтегазовой, химической, энергетической, транспортной и оборонной отраслях промышленности, которые потенциально сопряжены с серьёзными рисками аварий, включая взрывы, углеводородный пожар и реактивную струю пламени. Совместимо с системами для защиты от криогенных проливов (CSP).', 1, 3, 100, 10000, 8.00, 13.00, 0.00, 60, 0, 5, 80, 'https://docs.td.ppgpmc.com/download/32117/65018/ppg-pitt-char-nx', '2022-04-14 10:27:23', '2022-04-14 11:43:10', 'pitt-char-nx'),
                                                                                                                                                                                                                                                (30, 'PITT-CHAR XP', 'Двухкомпонентное, эластичное, конструктивное эпоксидное огнезащитное покрытие со 100% сухим остатком, используемое в нефтегазовой, химической, энергетической, транспортной, оборонной отраслях промышленности, которые потенциально сопряжены с серьезными рисками аварий, включая криогенные разливы, взрывы, углеводородный пожар и реактивную струю пламени.', 1, 3, 100, 10000, 9.00, 18.00, 12.00, 18, 0, 5, 80, 'https://docs.td.ppgpmc.com/download/511/22616/pitt-char-xp', '2022-04-14 10:32:25', '2022-04-14 11:42:24', 'pitt-char-xp'),
                                                                                                                                                                                                                                                (31, 'HI-TEMP 1000', 'Однокомпонентный, термостойкий, универсальный силиконовый верхний слой для использования в высокотемпературных системах покрытий. Заменяет HI-TEMP 1000 V / VS / VHA', 1, 1, 40, 50, 2.00, 24.00, 8.00, NULL, 0, 10, 540, 'https://docs.td.ppgpmc.com/download/32080/65320/ppg-hi-temp-1000', '2022-04-14 10:36:02', '2022-04-17 01:50:34', 'hi-temp-1000'),
                                                                                                                                                                                                                                                (32, 'psx 700', 'Двухкомпонентное модифицированное полисилоксановое покрытие', 1, 1, 90, 175, 3.00, 6.00, 4.50, NULL, 0, 0, 120, 'https://docs.td.ppgpmc.com/download/488/23093/psx-700', '2022-04-14 10:39:23', '2022-04-14 10:39:23', 'psx-700'),
                                                                                                                                                                                                                                                (33, 'PSX 700 A CLEAR COAT', 'Двухкомпонентное инжиниринговое полисилоксановое прозрачное покрытие', 1, 1, 78, 25, 3.00, 5.00, 4.00, 30, 0, 5, 120, 'https://docs.td.ppgpmc.com/download/490/23094/psx-700-a-clear-coat', '2022-04-14 10:42:14', '2022-04-14 10:42:14', 'psx-700-a-clear-coat'),
                                                                                                                                                                                                                                                (34, 'SIGMA SAILADVANCE GX', 'Самосмазывающееся, равномерно самополирующееся противообрастающее покрытие высокой эффективности с низким трением, основанное на гидролизуемой связующей композиции', 1, 2, 59, 165, 2.00, 12.00, 6.00, NULL, 0, -5, 60, 'https://docs.td.ppgpmc.com/download/21712/64819/sigma-sailadvance-gx', '2022-04-14 11:38:41', '2022-04-17 01:51:02', 'sigma-sailadvance-gx'),
                                                                                                                                                                                                                                                (35, 'SIGMA SAILADVANCE RX', 'Низкофрикционное, самосмазывающееся, самополирующееся по линейной зависимости, противообрастающее покрытие на основе гидролизуемого связующего', 1, 2, 54, 165, 2.00, 12.00, 6.00, NULL, 0, -5, 60, 'https://docs.td.ppgpmc.com/download/21709/64869/sigma-sailadvance-rx', '2022-04-14 11:41:31', '2022-04-14 11:41:31', 'sigma-sailadvance-rx'),
                                                                                                                                                                                                                                                (36, 'AQUACOVER 20', 'Однокомпонентная толстослойная цинкофосфатная грунтовка на водной основе / покрытие на основе акриловой дисперсии', 1, 1, 43, 75, 0.50, 2.00, 4.00, NULL, 0, 5, 60, 'https://docs.td.ppgpmc.com/download/354/64771/ppg-aquacover-20', '2022-04-15 08:39:17', '2022-04-15 08:39:17', 'aquacover-20'),
                                                                                                                                                                                                                                                (37, 'AQUACOVER 200', 'двухкомпонентный, отверждаемый полиамидами, эпоксидный грунт на водной основе', 1, 1, 53, 100, 1.50, 5.00, 2.00, 180, 0, 10, 120, 'https://docs.td.ppgpmc.com/download/593/593/ppg-aquacover-200', '2022-04-15 09:01:41', '2022-05-14 03:27:17', 'aquacover-200'),
                                                                                                                                                                                                                                                (38, 'AQUACOVER 25', 'Однокомпонентный акриловый грунт на водной основе, сожержащий фосфат цинка', 1, 1, 44, 75, 0.75, 2.00, 4.00, NULL, 0, 5, 120, 'https://docs.td.ppgpmc.com/download/355/64773/ppg-aquacover-25', '2022-04-15 09:04:37', '2022-04-15 09:04:37', 'aquacover-25'),
                                                                                                                                                                                                                                                (39, 'AQUACOVER 40', 'однокомпонентное акриловое водно-дисперсионное финишное покрытие', 1, 1, 42, 50, 0.50, 2.00, 4.00, NULL, 0, 5, 80, 'https://docs.td.ppgpmc.com/download/381/381/ppg-aquacover-40', '2022-04-15 09:07:58', '2022-04-15 09:07:58', 'aquacover-40'),
                                                                                                                                                                                                                                                (40, 'AQUACOVER 400', 'двухкомпонентное, отверждаемое полиамидном, эпоксидное покрытие на водной основе', 1, 1, 53, 100, 1.50, 6.00, 2.00, 180, 0, 10, 120, 'https://docs.td.ppgpmc.com/download/594/594/ppg-aquacover-400', '2022-04-15 09:11:15', '2022-04-15 09:11:15', 'aquacover-400'),
                                                                                                                                                                                                                                                (41, 'AQUACOVER 45', 'Однокомпонентное акриловое водно-дисперсионное финишное покрытие', 1, 1, 34, 50, 1.00, 2.00, 4.00, NULL, 0, 5, 80, 'https://docs.td.ppgpmc.com/download/380/64776/ppg-aquacover-45', '2022-04-15 09:14:44', '2022-04-15 09:14:44', 'aquacover-45'),
                                                                                                                                                                                                                                                (42, 'ECOFLEET 290', 'самополирующееся антиобрастающее покрытие, специально разработанное для судов дальнего плавания', 1, 2, 55, 160, 1.00, 2.00, 6.00, NULL, 0, 5, 40, 'https://docs.td.ppgpmc.com/download/397/848/sigma-ecofleet-290', '2022-04-15 09:20:59', '2022-04-15 09:20:59', 'ecofleet-290'),
                                                                                                                                                                                                                                                (43, 'ECOFLEET 530', 'Высокоактивное самополирующееся противообрастающее покрытие, для условий с экстремально интенсивным обрастанием', 1, 2, 60, 150, 1.00, 2.00, 6.00, NULL, 0, 5, 40, 'https://docs.td.ppgpmc.com/download/414/22615/sigma-ecofleet-530', '2022-04-15 09:23:15', '2022-04-15 09:23:15', 'ecofleet-530'),
                                                                                                                                                                                                                                                (44, 'ECOFLEET 690', 'Высокоактивное самополирующееся противообрастающее покрытие, для условий с экстремально интенсивным обрастанием', 1, 2, 70, 150, 1.00, 2.00, 6.00, NULL, 0, 5, 40, 'https://docs.td.ppgpmc.com/download/369/22609/sigma-ecofleet-690', '2022-04-15 09:25:21', '2022-04-15 09:27:49', 'ecofleet-690'),
                                                                                                                                                                                                                                                (45, 'NEXEON 710', 'Высокоэффективное самополирующееся противообрастающее покрытие, не содержащее оловоорганических соединений и меди', 1, 2, 50, 150, 1.00, 2.00, 6.00, NULL, 0, 5, 40, 'https://docs.td.ppgpmc.com/download/368/22608/sigma-nexeon-710', '2022-04-15 09:27:30', '2022-04-15 09:27:30', 'nexeon-710'),
                                                                                                                                                                                                                                                (46, 'VIKOTE 12', 'толстослойная  виниловая  грунтовка (hi-build vinyl primer)', 1, 1, 34, 75, 1.00, 2.00, 6.00, 180, 0, -5, 40, 'https://docs.td.ppgpmc.com/download/408/408/ppg-vikote-12', '2022-04-15 09:34:22', '2022-04-15 09:34:22', 'vikote-12'),
                                                                                                                                                                                                                                                (47, 'VIKOTE 18', 'Толстослойное хлоркаучуковое грунтовочное/связующее покрытие, пигментированное алюминием.', 1, 1, 42, 75, 1.00, 3.00, 6.00, NULL, 0, -10, 80, 'https://docs.td.ppgpmc.com/download/399/23095/ppg-vikote-18', '2022-04-15 09:38:03', '2022-04-15 09:38:03', 'vikote-18'),
                                                                                                                                                                                                                                                (48, 'VIKOTE 42', 'толстослойное виниловое покрытие (High-build vinyl coating)', 1, 1, 35, 75, 1.00, 2.00, 6.00, 90, 0, 5, 40, 'https://docs.td.ppgpmc.com/download/409/409/ppg-vikote-42', '2022-04-15 09:41:22', '2022-04-15 09:41:22', 'vikote-42'),
                                                                                                                                                                                                                                                (49, 'VIKOTE 56', 'Модифицированное акриловое финишное покрытие (modified)', 1, 1, 35, 35, 0.50, 1.00, 4.00, NULL, 0, -10, 80, 'https://docs.td.ppgpmc.com/download/411/23096/ppg-vikote-56', '2022-04-15 09:46:26', '2022-04-15 09:46:26', 'vikote-56'),
                                                                                                                                                                                                                                                (50, 'VIKOTE 63', 'Толстослойное битумное покрытие (hi-build bitumen coating)', 1, 1, 57, 250, 6.00, 12.00, 12.00, NULL, 1, 5, 80, 'https://docs.td.ppgpmc.com/download/347/65108/ppg-vikote-63', '2022-04-15 09:53:34', '2022-04-15 09:53:34', 'vikote-63'),
                                                                                                                                                                                                                                                (52, 'SIGMACOVER 256', 'Двухкомпонентный, толстослойный цинкфосфатный эпоксидный грунт, полиамидного отверждения с расширенным интервалом перекрытия', 1, 1, 63, 100, 2.00, 6.00, 3.00, NULL, 0, -10, 120, 'https://docs.td.ppgpmc.com/download/424/1952/sigmacover-256', '2022-04-15 10:00:50', '2022-04-15 10:00:50', 'sigmacover-256'),
                                                                                                                                                                                                                                                (53, 'SIGMACOVER 280', 'Универсальный антикоррозионный эпоксидный грунт на основе немодифицированной эпоксидной смолы', 1, 1, 57, 100, 2.00, 2.50, 5.00, 90, 1, 5, 120, 'https://docs.td.ppgpmc.com/download/429/1956/sigmacover-280', '2022-04-15 10:04:01', '2022-04-15 10:04:01', 'sigmacover-280'),
                                                                                                                                                                                                                                                (54, 'SIGMACOVER 280 LT', 'Универсальный антикоррозионный эпоксидный грунт на основе немодифицированной эпоксидной смолы', 1, 1, 57, 100, 1.50, 2.00, 2.00, 30, 0, -10, 120, 'https://docs.td.ppgpmc.com/download/431/1958/sigmacover-280-lt', '2022-04-17 01:50:08', '2022-04-17 01:50:08', 'sigmacover-280-lt'),
                                                                                                                                                                                                                                                (55, 'SIGMACOVER 350', 'Двухкомпонентное толстослойное эпоксидное грунт/покрытие полиамидного отверждения, на основе чистой эпоксидной смолы', 1, 1, 72, 150, 2.00, 6.00, 6.00, NULL, 1, 5, 120, 'https://docs.td.ppgpmc.com/download/630/630/sigmacover-350', '2022-04-17 02:00:12', '2022-04-17 02:00:12', 'sigmacover-350'),
                                                                                                                                                                                                                                                (57, 'SIGMACOVER 350 LT', 'Двухкомпонентное толстослойное эпоксидное грунт/покрытие полиамидного отверждения, на основе чистой эпоксидной смолы', 1, 1, 74, 150, 1.50, 3.00, 5.00, 7, 1, -5, 120, 'https://docs.td.ppgpmc.com/download/634/2540/sigmacover-350-lt', '2022-04-17 02:13:22', '2022-04-17 03:22:26', 'sigmacover-350-lt'),
                                                                                                                                                                                                                                                (58, 'SIGMACOVER 380', 'Универсальный антикоррозионный эпоксидный грунт на основе немодифицированной эпоксидной смолы', 1, 1, 80, 160, 3.00, 8.00, 8.00, 28, 1, 5, 120, 'https://docs.td.ppgpmc.com/download/637/2345/sigmacover-380', '2022-04-17 03:22:11', '2022-04-17 03:22:11', 'sigmacover-380'),
                                                                                                                                                                                                                                                (59, 'SIGMACOVER 380 LT', 'Универсальный антикоррозионный эпоксидный грунт на основе немодифицированной эпоксидной смолы', 1, 1, 80, 160, 3.50, 10.00, 10.00, 60, 1, -10, 120, 'https://docs.td.ppgpmc.com/download/639/2346/sigmacover-380-lt', '2022-04-17 03:24:56', '2022-04-17 03:24:56', 'sigmacover-380-lt'),
                                                                                                                                                                                                                                                (60, 'AMERLOCK 400 / SIGMACOVER 400', 'Двухкомпонентное эпоксидное покрытие с высоким сухим остатком', 1, 1, 85, 125, 6.00, 20.00, 16.00, 30, 1, 5, 120, 'https://docs.td.ppgpmc.com/download/643/23099/amerlock-400--sigmacover-400', '2022-04-17 03:29:32', '2022-04-17 03:29:32', 'amerlock-400-sigmacover-400'),
                                                                                                                                                                                                                                                (61, 'SIGMACOVER 410', 'Двухкомпонентное, толстослойное эпоксидное покрытие полиамидного отверждения с высоким сухим остатком', 1, 1, 80, 200, 3.00, 8.00, 8.00, NULL, 0, 5, 120, 'https://docs.td.ppgpmc.com/download/330/1934/sigmacover-410', '2022-04-17 03:32:54', '2022-04-17 03:32:54', 'sigmacover-410'),
                                                                                                                                                                                                                                                (62, 'SIGMACOVER 410 LT', 'Двухкомпонентное, толстослойное эпоксидное покрытие полиамидного отверждения с высоким сухим остатком', 1, 1, 80, 200, 2.50, 4.00, 6.00, NULL, 0, -5, 120, 'https://docs.td.ppgpmc.com/download/330/1934/sigmacover-410', '2022-04-17 03:36:02', '2022-04-17 03:36:02', 'sigmacover-410-lt'),
                                                                                                                                                                                                                                                (63, 'SIGMACOVER 435', 'Двухкомпонентное толстослойное эпоксидное покрытие полиамидного отверждения, с расширенным интервалом перекрытия, наполненное железнооксидной слюдкой', 1, 1, 63, 150, 2.00, 6.00, 3.00, NULL, 0, -10, 200, 'https://docs.td.ppgpmc.com/download/455/1968/sigmacover-435', '2022-04-21 10:46:44', '2022-04-21 10:46:44', 'sigmacover-435'),
                                                                                                                                                                                                                                                (64, 'SIGMACOVER 456', 'Двухкомпонентное, толстослойное, перекрываемое эпоксидное покрытие, полиамидного отверждения', 1, 1, 65, 150, 2.00, 6.00, 3.00, NULL, 1, -10, 120, 'https://docs.td.ppgpmc.com/download/456/33260/sigmacover-456', '2022-04-21 10:49:10', '2022-04-21 10:49:10', 'sigmacover-456'),
                                                                                                                                                                                                                                                (65, 'SIGMACOVER 522', 'Двухкомпонентное, отверждаемое полиамидом, эпоксидное грунтовочное/пропитывающее/основное покрытие, пигментированное железнооксидной слюдкой (MIO)', 1, 1, 60, 100, 2.00, 4.00, 16.00, 28, 0, 10, 200, 'https://docs.td.ppgpmc.com/download/430/1957/sigmacover-522', '2022-04-21 10:54:01', '2022-04-21 10:54:01', 'sigmacover-522'),
                                                                                                                                                                                                                                                (66, 'SIGMACOVER 555', 'Двухкомпонентное антикоррозионное эпоксидное покрытие отверждаемое полиамидом', 1, 2, 56, 150, 6.00, 24.00, 8.00, 3, 0, -5, 40, 'https://docs.td.ppgpmc.com/download/599/2336/sigmacover-555', '2022-04-21 10:57:54', '2022-04-21 11:01:27', 'sigmacover-555'),
                                                                                                                                                                                                                                                (67, 'SIGMACOVER 630', 'Двухкомпонентное, толерантное к подготовке поверхности, толстослойное эпоксидное покрытие, отверждаемое полиамидом', 1, 1, 83, 150, 6.00, 9.00, 9.00, 180, 1, 10, 120, 'https://docs.td.ppgpmc.com/download/433/1959/sigmacover-630', '2022-04-21 11:01:12', '2022-04-21 11:01:12', 'sigmacover-630'),
                                                                                                                                                                                                                                                (68, 'SIGMACOVER 690', 'Двухкомпонентное, с высоким сухим остатком, с алюминиевым пигментом, модифицированное эпоксидное грунт/покрытие отверждаемое полиамидом.', 1, 1, 90, 125, 4.00, 12.00, 12.00, 120, 1, 5, 120, 'https://docs.td.ppgpmc.com/download/426/1953/sigmacover-690', '2022-04-21 11:04:14', '2022-04-21 11:04:14', 'sigmacover-690'),
                                                                                                                                                                                                                                                (69, 'SIGMACOVER 805', 'Двухкомпонентное отверждаемое полиаминным аддуктом эпоксидное покрытие с высоким сухим остатком', 1, 1, 82, 150, 3.00, 60.00, 16.00, 28, 0, 5, 120, 'https://docs.td.ppgpmc.com/download/540/2331/sigmacover-805', '2022-04-21 11:44:02', '2022-04-21 11:44:02', 'sigmacover-805'),
                                                                                                                                                                                                                                                (70, 'SIGMACOVER 850 (SIGMASHIELD 880 HS)', 'Двухкомпонентное, толстослойное эпоксидное покрытие наполненное стеклянными чешуйками, отверждаемое полиаминным аддуктом', 1, 1, 90, 500, 4.00, 10.00, 4.00, 28, 1, 0, 120, 'https://docs.td.ppgpmc.com/download/592/65668/sigmacover-850-sigmashield-880-hs', '2022-04-21 11:46:44', '2022-04-21 11:46:44', 'sigmacover-850-sigmashield-880-hs'),
                                                                                                                                                                                                                                                (71, 'SIGMADUR 1800', 'двухкомпонентный полиуретановый материал с высоким сухим остатком', 1, 1, 68, 75, 2.00, 4.00, 12.00, NULL, 0, -5, 120, 'https://docs.td.ppgpmc.com/download/478/478/sigmadur-1800', '2022-04-21 11:50:58', '2022-04-21 11:50:58', 'sigmadur-1800'),
                                                                                                                                                                                                                                                (72, 'SIGMADUR 520', 'Двухкомпонентное, толстослойное полуглянцевое финишное покрытие на основе алифатического акрилового полиуретана', 1, 1, 58, 75, 1.00, 6.00, 6.00, NULL, 0, -5, 120, 'https://docs.td.ppgpmc.com/download/476/1974/sigmadur-520', '2022-04-22 02:57:19', '2022-04-22 02:57:19', 'sigmadur-520'),
                                                                                                                                                                                                                                                (73, 'SIGMADUR 540', 'Двухкомпонентное, высокоглянцевое эпоксиакриловое финишное покрытие соответствующее стандартам ЛОС', 1, 1, 54, 50, 2.00, 10.00, 8.00, NULL, 0, 5, 120, 'https://docs.td.ppgpmc.com/download/548/2332/sigmadur-540', '2022-04-22 03:17:07', '2022-04-22 03:17:07', 'sigmadur-540'),
                                                                                                                                                                                                                                                (74, 'SIGMADUR 550', 'Двухкомпонентное, алифатическое, акрил-полиуретановое финишное покрытие', 1, 1, 55, 50, 1.00, 6.00, 6.00, NULL, 0, -5, 120, 'https://docs.td.ppgpmc.com/download/483/1976/sigmadur-550', '2022-04-22 03:19:44', '2022-04-22 03:19:44', 'sigmadur-550'),
                                                                                                                                                                                                                                                (75, 'SIGMADUR 550 H', 'Двухкомпонентное, с высоким сухим остатком толстослойное финишное покрытие на основе алифатического акрилового полиуретана', 1, 1, 70, 150, 3.00, 12.00, 8.00, NULL, 0, -5, 120, 'https://docs.td.ppgpmc.com/download/339/63509/sigmadur-550-h', '2022-04-22 03:24:04', '2022-04-22 03:24:04', 'sigmadur-550-h'),
                                                                                                                                                                                                                                                (76, 'SIGMADUR CLEARCOAT', 'Двухкомпонентное алифатическое прозрачное акрил-полиуретановое глянцевое внешнее покрытие', 1, 1, 50, 35, 1.00, 6.00, 9.00, NULL, 0, -5, 120, 'https://docs.td.ppgpmc.com/download/480/65493/sigmadur-clearcoat', '2022-04-22 03:26:33', '2022-04-22 03:26:33', 'sigmadur-clearcoat'),
                                                                                                                                                                                                                                                (77, 'SIGMADUR ONE', 'Однокомпонентное финишное уретановое полиэфирное покрытие для судового ремонта', 1, 2, 53, 70, 1.00, 2.00, 8.00, NULL, 1, 0, 120, 'https://docs.td.ppgpmc.com/download/481/23102/sigmadur-one', '2022-04-25 04:15:23', '2022-04-25 04:15:23', 'sigmadur-one'),
                                                                                                                                                                                                                                                (78, 'SIGMAFAST 20', 'Толстослойное цинк-фосфатное покрытие на основе модифицированных алкидных смол', 1, 1, 55, 75, 0.25, 0.50, 0.75, NULL, 0, 5, 120, 'https://docs.td.ppgpmc.com/download/357/1939/sigmafast-20', '2022-04-25 04:22:32', '2022-04-25 04:22:32', 'sigmafast-20'),
                                                                                                                                                                                                                                                (79, 'SIGMAFAST 205', 'Друхкомпонентное, толстослойное, цинкфосфатное, отверждаемое полиамидом, эпоксидное грунт/ покрытие', 1, 1, 70, 150, 4.00, 6.00, 4.00, 180, 0, 5, 120, 'https://docs.td.ppgpmc.com/download/587/587/sigmafast-205', '2022-04-25 04:26:54', '2022-04-25 04:26:54', 'sigmafast-205'),
                                                                                                                                                                                                                                                (80, 'SIGMAFAST 210 HS', 'Двухкомпонентный толстослойный цинкфосфатный полиуретановый грунт/финиш с высоким сухим остатком', 1, 1, 67, 120, 1.50, 4.00, 6.00, NULL, 1, -5, 120, 'https://docs.td.ppgpmc.com/download/21732/63868/sigmafast-210-hs', '2022-04-25 04:31:19', '2022-04-25 04:31:19', 'sigmafast-210-hs'),
                                                                                                                                                                                                                                                (81, 'SIGMAFAST 278', 'Двухкомпонентный цинкфосфатный эпоксидный грунт / промежуточное покрытие с высоким сухим остатком', 1, 1, 80, 125, 1.00, 4.00, 2.00, NULL, 1, -5, 120, 'https://docs.td.ppgpmc.com/download/336/1935/sigmafast-278', '2022-04-25 04:34:15', '2022-04-25 04:34:15', 'sigmafast-278'),
                                                                                                                                                                                                                                                (82, 'SIGMAFAST 40', 'Толстослойное финишное покрытие, на основе модифицированных алкидных смол', 1, 1, 45, 50, 0.75, 1.50, 4.00, NULL, 0, 5, 120, 'https://docs.td.ppgpmc.com/download/375/1942/sigmafast-40', '2022-04-25 07:26:11', '2022-04-25 07:26:11', 'sigmafast-40'),
                                                                                                                                                                                                                                                (83, 'SIGMAGLIDE 1290', 'Противообрастающее финишное покрытие на основе 100% силиконового связующего', 1, 2, 87, 180, 2.00, 20.00, 3.00, NULL, 0, 5, 40, 'https://docs.td.ppgpmc.com/download/1495/23031/sigmaglide-1290', '2022-04-25 07:28:20', '2022-04-25 07:28:44', 'sigmaglide-1290'),
                                                                                                                                                                                                                                                (84, 'SIGMAGLIDE 790', 'Двухкомпонентный клеевой слой на основе силикона для противообрастающих систем покрытий', 1, 2, 79, 150, 0.50, 1.00, 0.25, 5, 0, 10, 40, 'https://docs.td.ppgpmc.com/download/415/23104/sigmaglide-790', '2022-04-25 07:31:18', '2022-04-25 07:31:18', 'sigmaglide-790'),
                                                                                                                                                                                                                                                (85, 'SIGMAGUARD 603', 'Двухкомпонентное не содержащее растворитель эпоксидное покрытие отверждаемое амином', 1, 1, 100, 300, 16.00, 72.00, 24.00, 20, 1, 5, 40, 'https://docs.td.ppgpmc.com/download/642/23107/sigmaguard-603', '2022-04-25 07:34:15', '2022-04-25 07:34:15', 'sigmaguard-603'),
                                                                                                                                                                                                                                                (86, 'SIGMAGUARD 720', 'Двухкомпонентное отверждаемое полиамидным аддуктом усиленное эпоксидное покрытие с высоким сухим остатком', 1, 1, 78, 125, 3.00, 6.00, 8.00, 28, 0, 5, 40, 'https://docs.td.ppgpmc.com/download/436/1960/sigmaguard-720', '2022-04-25 07:37:31', '2022-04-25 07:37:31', 'sigmaguard-720'),
                                                                                                                                                                                                                                                (87, 'SIGMAGUARD 730', 'Двухкомпонентное, фенолэпоксидное покрытие с высоким сухим остатком, отверждаемое полиамином', 1, 1, 78, 150, 3.00, 8.00, 8.00, 28, 0, 5, 150, 'https://docs.td.ppgpmc.com/download/453/23108/sigmaguard-730', '2022-04-25 07:44:47', '2022-04-25 07:44:47', 'sigmaguard-730'),
                                                                                                                                                                                                                                                (88, 'SIGMAGUARD 750', 'Двухкомпонентное, влагоотверждаемое, цинкнаполненное, этилсиликатное покрытие', 1, 1, 65, 75, 0.50, 1.00, 12.00, NULL, 0, -5, 400, 'https://docs.td.ppgpmc.com/download/491/1978/sigmaguard-750', '2022-04-25 07:51:39', '2022-04-25 07:51:39', 'sigmaguard-750'),
                                                                                                                                                                                                                                                (89, 'SIGMAGUARD 795', 'двухкомпнентное, толстослойное, фенол-эпоксидное покрытие, отверждаемое аминным аддуктом', 1, 1, 75, 150, 2.00, 4.00, 14.00, 21, 1, 10, 40, 'https://docs.td.ppgpmc.com/download/451/451/sigmaguard-795', '2022-04-25 07:56:41', '2022-04-25 07:56:41', 'sigmaguard-795'),
                                                                                                                                                                                                                                                (90, 'SIGMAGUARD CSF 585', 'Двухкомпонентное не содержащее растворитель эпоксидное покрытие, отверждаемое амином', 1, 1, 100, 300, 5.00, 24.00, 24.00, 20, 0, 10, 40, 'https://docs.td.ppgpmc.com/download/577/1987/sigmaguard-csf-585', '2022-04-25 08:04:02', '2022-04-25 08:04:02', 'sigmaguard-csf-585'),
                                                                                                                                                                                                                                                (91, 'SIGMAGUARD CSF 650', 'Двухкомпонентное не содержащее растворитель эпоксидное покрытие отверждаемое амином', 1, 1, 100, 300, 8.00, 16.00, 24.00, 20, 0, 5, 40, 'https://docs.td.ppgpmc.com/download/442/1965/sigmaguard-csf-650', '2022-04-25 08:06:30', '2022-04-25 08:06:30', 'sigmaguard-csf-650'),
                                                                                                                                                                                                                                                (92, 'SIGMALINE 2000', 'Двухкомпонентное новолачное фенол-эпоксидное покрытие аминного отверждения, не содержащее растворителя', 1, 1, 100, 600, 6.00, 16.00, 24.00, 60, 0, 5, 40, 'https://docs.td.ppgpmc.com/download/470/64517/sigmaline-2000', '2022-04-25 08:39:49', '2022-04-25 08:39:49', 'sigmaline-2000'),
                                                                                                                                                                                                                                                (93, 'SIGMALINE 2500', 'Двухкомпонентное, не содержащее растворителей, фенолэпоксидное новолачное покрытие, отверждаемое амином', 1, 1, 100, 600, 1.50, 3.00, 3.00, 30, 0, 15, 120, 'https://docs.td.ppgpmc.com/download/527/23110/sigmaline-2500', '2022-04-25 08:49:19', '2022-04-25 08:49:19', 'sigmaline-2500'),
                                                                                                                                                                                                                                                (94, 'SIGMALINE 403 HS', 'Двухкомпонентное эпоксидное гладкостное покрытие отверждаемое полиамином с высоким содержанием сухого остатка', 1, 1, 78, 75, 3.50, 8.00, 8.00, 60, 0, 5, 40, 'https://docs.td.ppgpmc.com/download/520/23111/sigmaline-403-hs', '2022-04-25 08:54:19', '2022-04-25 08:54:19', 'sigmaline-403-hs'),
                                                                                                                                                                                                                                                (95, 'SIGMALINE 523', 'Двухкомпонентное, не содержащее растворитель эпоксидное покрытие, отверждаемое полиаминным аддуктом', 1, 1, 100, 600, 3.00, 5.00, 5.00, 2.5, 0, 5, 60, 'https://docs.td.ppgpmc.com/download/521/2325/sigmaline-523', '2022-04-25 08:58:57', '2022-04-25 08:58:57', 'sigmaline-523'),
                                                                                                                                                                                                                                                (96, 'SIGMALINE 855', 'Двухкомпонентное полиуретановое покрытие, не содержащее растворителей', 1, 1, 100, 1500, 0.05, 0.10, 1.00, 0.1, 0, 10, 60, 'https://docs.td.ppgpmc.com/download/522/2326/sigmaline-855', '2022-04-25 09:06:14', '2022-04-25 09:06:14', 'sigmaline-855'),
                                                                                                                                                                                                                                                (97, 'SIGMAPRIME 200', 'Универсальный антикоррозионный эпоксидный грунт на основе немодифицированной эпоксидной смолы', 1, 1, 57, 160, 1.50, 4.00, 2.50, 90, 1, 5, 120, 'https://docs.td.ppgpmc.com/download/428/1955/sigmaprime-200-series', '2022-04-27 07:31:35', '2022-04-27 07:31:35', 'sigmaprime-200'),
                                                                                                                                                                                                                                                (98, 'SIGMAPRIME 700', 'Универсальный антикоррозионный эпоксидный грунт на основе немодифицированной эпоксидной смолы', 1, 1, 70, 160, 2.00, 6.00, 4.00, 60, 1, 5, 120, 'https://docs.td.ppgpmc.com/download/605/2337/sigmaprime-700', '2022-04-27 07:35:31', '2022-04-27 07:35:31', 'sigmaprime-700'),
                                                                                                                                                                                                                                                (99, 'SIGMARINE 24', 'Модифицированный цинк фосфатный алкидный грунт', 1, 2, 56, 75, 2.00, 4.00, 24.00, NULL, 0, 5, 60, 'https://docs.td.ppgpmc.com/download/353/1938/sigmarine-24', '2022-04-27 07:40:46', '2022-04-27 07:47:54', 'sigmarine-24'),
                                                                                                                                                                                                                                                (100, 'SIGMARINE 28', 'Одно-компонентный, быстро высыхающий, толстослойный многоцелевой цинк-фосфатный грунт', 1, 2, 55, 75, 0.50, 1.00, 4.00, NULL, 1, 5, 60, 'https://docs.td.ppgpmc.com/download/351/1937/sigmarine-28', '2022-04-27 07:47:23', '2022-04-27 07:47:23', 'sigmarine-28'),
                                                                                                                                                                                                                                                (101, 'SIGMARINE 42', 'Прозрачный лак на основе фенольной смолы и тунгового масла (из древесного дегтя) для внутреннего и наружного применения', 1, 2, 49, 30, 3.00, 6.00, 16.00, NULL, 0, 10, 60, 'https://docs.td.ppgpmc.com/download/653/64059/sigmarine-42', '2022-04-27 07:54:02', '2022-04-27 07:54:02', 'sigmarine-42'),
                                                                                                                                                                                                                                                (102, 'SIGMARINE 48', 'Алкидная краска общего назначения', 1, 2, 44, 35, 3.00, 6.00, 24.00, NULL, 0, 5, 60, 'https://docs.td.ppgpmc.com/download/376/376/sigmarine-48', '2022-04-27 07:58:33', '2022-04-27 07:58:33', 'sigmarine-48'),
                                                                                                                                                                                                                                                (103, 'SIGMARINE 49', 'Алкидное финишное покрытие с высоким глянцем', 1, 2, 50, 35, 3.00, 6.00, 16.00, NULL, 0, 5, 60, 'https://docs.td.ppgpmc.com/download/378/1944/sigmarine-49', '2022-04-27 08:02:34', '2022-04-27 08:02:34', 'sigmarine-49'),
                                                                                                                                                                                                                                                (104, 'SIGMARITE 37-B-1', 'Термоиндикаторная краска, синяя', 1, 4, 44, 25, 0.50, 16.00, 16.00, NULL, 0, 5, 260, 'https://docs.td.ppgpmc.com/download/514/65375/sigmarite-37-b-1', '2022-04-27 08:06:27', '2022-04-27 08:06:27', 'sigmarite-37-b-1'),
                                                                                                                                                                                                                                                (105, 'SIGMARITE 37-G-1', 'Термоиндикаторная краска, зеленая', 1, 4, 44, 25, 4.00, 24.00, 24.00, NULL, 0, 5, 400, 'https://docs.td.ppgpmc.com/download/515/65376/sigmarite-37-g-1', '2022-04-27 08:09:43', '2022-04-27 08:09:43', 'sigmarite-37-g-1'),
                                                                                                                                                                                                                                                (106, 'SIGMASHIELD 1090', 'Двухкомпонентный, не содержащий растворитель, усиленный порошкообразным кварцем, толстослойный эпоксидный компаунд, отверждаемый полиамином', 1, 1, 100, 4000, 8.00, 24.00, 24.00, 30, 0, 5, 120, 'https://docs.td.ppgpmc.com/download/465/23112/sigmashield-1090', '2022-04-27 08:14:54', '2022-04-27 08:14:54', 'sigmashield-1090'),
                                                                                                                                                                                                                                                (107, 'AMERLOCK 400 GF / SIGMASHIELD 400', 'Двухкомпонентное армированное стеклянными чешуйками эпоксидное покрытие с высоким сухим остатком, отверждаемое полиамином', 1, 1, 87, 300, 6.00, 20.00, 16.00, 90, 1, 10, 232, 'https://docs.td.ppgpmc.com/download/552/64516/amerlock-400-gf--sigmashield-400', '2022-04-27 09:23:17', '2022-04-27 09:23:17', 'amerlock-400-gf-sigmashield-400'),
                                                                                                                                                                                                                                                (108, 'SIGMASHIELD 1200', 'Двухкомпонентное износостойкое эпоксифенольное покрытие, не содержащее растворителей, отверждаемое амином', 1, 1, 100, 500, 6.00, 16.00, 24.00, 14, 0, 10, 120, 'https://docs.td.ppgpmc.com/download/551/2333/sigmashield-1200', '2022-04-27 09:26:14', '2022-04-27 09:26:14', 'sigmashield-1200'),
                                                                                                                                                                                                                                                (109, 'SIGMASHIELD 420', 'Двухкомпонентное отверждаемое полиамином усиленное эпоксидное покрытие с высоким сухим остатком', 1, 1, 81, 150, 3.00, 3.50, 3.50, 14, 0, 5, 120, 'https://docs.td.ppgpmc.com/download/614/2341/sigmashield-420', '2022-04-27 09:31:49', '2022-04-27 09:31:49', 'sigmashield-420'),
                                                                                                                                                                                                                                                (110, 'SIGMASHIELD 460', 'Двухкомпонентное, армированное стеклохлопьями, эпоксидное покрытие с высоким сухим остатком, отверждаемое полиаминовым аддуктом', 1, 2, 81, 400, 3.00, 8.00, 16.00, 28, 0, 5, 120, 'https://docs.td.ppgpmc.com/download/617/2342/sigmashield-460', '2022-04-27 09:42:58', '2022-04-27 09:42:58', 'sigmashield-460'),
                                                                                                                                                                                                                                                (111, 'SIGMASHIELD 880 GF / AMERLOCK 880 GF', 'Двухкомпонентное, толерантное к подготовке поверхности, толстослойное эпоксидное покрытие со стеклянными чешуйками', 1, 1, 85, 500, 3.00, 8.00, 3.50, 28, 1, -5, 120, 'https://docs.td.ppgpmc.com/download/560/1985/sigmashield-880-gf--amerlock-880-gf', '2022-04-27 09:47:42', '2022-04-27 09:47:42', 'sigmashield-880-gf-amerlock-880-gf'),
                                                                                                                                                                                                                                                (112, 'SIGMASHIELD 880 / AMERLOCK 880', 'Двухкомпонентное, толстослойное эпоксидное покрытие, отверждаемое полиаминовым аддуктом', 1, 1, 85, 500, 3.00, 8.00, 3.50, 28, 1, -5, 120, 'https://docs.td.ppgpmc.com/download/550/1984/sigmashield-880--amerlock-880', '2022-04-27 09:50:41', '2022-04-27 09:50:41', 'sigmashield-880-amerlock-880'),
                                                                                                                                                                                                                                                (113, 'SIGMASHIELD MTC', 'Материал премиум класса для защиты грузовых трюмов, основанный на двухфазной полимерной композиции. Обеспечивает превосходную механическую, температурную и коррозионную защиту', 1, 1, 65, 150, 2.00, 5.00, 2.50, 90, 0, 5, 120, 'https://docs.td.ppgpmc.com/download/21745/65383/sigmashield-mtc', '2022-05-05 10:01:11', '2022-05-05 10:01:11', 'sigmashield-mtc'),
                                                                                                                                                                                                                                                (114, 'SIGMASHIELD PRIME', 'Материал премиум класса для защиты грузовых трюмов, основанный на двухфазной полимерной композиции. Обеспечивает превосходную механическую,температурную и коррозионную защиту', 1, 1, 64, 150, 2.00, 5.00, 2.50, 90, 0, 5, 120, 'https://docs.td.ppgpmc.com/download/11630/33258/sigmashield-prime', '2022-05-05 10:03:55', '2022-05-05 10:03:55', 'sigmashield-prime'),
                                                                                                                                                                                                                                                (115, 'SIGMATHERM 175', 'Высокотемпрературный модифицированный алкидный финиш (Heat-resistant modified alkyd aluminum finish)', 1, 1, 47, 25, 1.00, 2.00, 16.00, NULL, 0, 5, 175, 'https://docs.td.ppgpmc.com/download/382/382/sigmatherm-175', '2022-05-05 10:07:31', '2022-05-05 10:07:31', 'sigmatherm-175'),
                                                                                                                                                                                                                                                (116, 'SIGMATHERM 230', 'Двухкомпонентное толстослойное термостойкое эпоксифенольное покрытие', 1, 1, 68, 150, 3.00, 5.00, 8.00, 14, 0, 5, 230, 'https://docs.td.ppgpmc.com/download/444/1966/sigmatherm-230', '2022-05-05 10:10:47', '2022-05-05 10:10:47', 'sigmatherm-230'),
                                                                                                                                                                                                                                                (117, 'SIGMATHERM 350', 'Термостойкое силикон/акриловое покрытие', 1, 1, 39, 30, 1.00, 2.00, 18.00, NULL, 0, 5, 350, 'https://docs.td.ppgpmc.com/download/502/1982/sigmatherm-350', '2022-05-05 10:13:24', '2022-05-05 10:13:24', 'sigmatherm-350'),
                                                                                                                                                                                                                                                (118, 'SIGMATHERM 500', 'Термостойкое модифицированное алкидно алюминиевое покрытие', 1, 1, 32, 25, 1.00, 2.00, 24.00, NULL, 0, 5, 500, 'https://docs.td.ppgpmc.com/download/383/53433/sigmatherm-500', '2022-05-05 10:15:38', '2022-05-05 10:15:38', 'sigmatherm-500'),
                                                                                                                                                                                                                                                (119, 'SIGMATHERM 540', 'Однокомпонентное термостойкое влагоотверждаемое покрытие на основе силиконалюминия', 1, 1, 45, 25, 0.75, 3.50, 16.00, NULL, 0, 10, 600, 'https://docs.td.ppgpmc.com/download/500/1981/sigmatherm-540', '2022-05-05 10:18:52', '2022-05-05 10:18:52', 'sigmatherm-540'),
                                                                                                                                                                                                                                                (120, 'SIGMAWELD 120', 'Двухкомпонентный эпоксидный межоперационный заводской грунт, отверждаемый полиамидом', 1, 1, 21, 22, 0.10, 0.20, 12.00, 180, 0, 35, 120, 'https://docs.td.ppgpmc.com/download/362/64530/sigmaweld-120', '2022-05-05 10:22:45', '2022-05-05 10:22:45', 'sigmaweld-120'),
                                                                                                                                                                                                                                                (121, 'SIGMAWELD 190', 'Двухкомпонентный влагоотверждаемый, цинксиликатный межоперационный грунт с низким содержанием цинка', 1, 1, 25, 18, 0.05, 0.10, 72.00, NULL, 0, 5, 400, 'https://docs.td.ppgpmc.com/download/360/23085/sigmaweld-190', '2022-05-05 10:27:08', '2022-05-05 10:27:08', 'sigmaweld-190'),
                                                                                                                                                                                                                                                (122, 'SIGMAWELD 199', 'Двухкомпонентный влагоотверждаемый, цинксиликатный межоперационный грунт с низким содержанием цинка', 1, 1, 25, 18, 0.05, 0.10, 72.00, NULL, 0, 5, 400, 'https://docs.td.ppgpmc.com/download/363/23086/sigmaweld-199', '2022-05-05 10:29:24', '2022-05-05 10:29:24', 'sigmaweld-199'),
                                                                                                                                                                                                                                                (123, 'SIGMAZINC 102 HS', 'Двухкомпонентный цинкнаполненный эпоксидный грунт с высоким содержанием сухого остатка, отверждаемый полиамидом', 1, 1, 66, 100, 2.00, 3.00, 6.00, 90, 0, 5, 120, 'https://docs.td.ppgpmc.com/download/531/2329/sigmazinc-102-hs', '2022-05-05 10:31:44', '2022-05-05 10:31:44', 'sigmazinc-102-hs'),
                                                                                                                                                                                                                                                (124, 'SIGMAZINC 105', 'Двухкомпонентный эпоксидный грунт с содержанием металлического цинка', 1, 1, 65, 80, 0.16, 0.66, 0.50, 360, 0, -5, 120, 'https://docs.td.ppgpmc.com/download/346/22632/sigmazinc-105', '2022-05-05 10:34:40', '2022-05-05 10:34:40', 'sigmazinc-105'),
                                                                                                                                                                                                                                                (125, 'SIGMAZINC 109 HS', 'Двухкомпонентный, цинкнаполненный отверждаемый полиамидным аддуктом эпоксидный грунт с высоким содержанием сухого остатка', 1, 1, 66, 100, 2.50, 3.00, 4.00, 90, 0, 0, 120, 'https://docs.td.ppgpmc.com/download/529/2328/sigmazinc-109-hs', '2022-05-05 10:37:23', '2022-05-05 10:37:23', 'sigmazinc-109-hs'),
                                                                                                                                                                                                                                                (126, 'SIGMAZINC 158', 'Двухкомпонентный влаготверждаемый цинк (этил) силикатный грунт', 1, 1, 65, 100, 0.25, 0.50, 12.00, NULL, 0, -5, 540, 'https://docs.td.ppgpmc.com/download/494/1979/sigmazinc-158', '2022-05-05 10:39:50', '2022-05-05 10:39:50', 'sigmazinc-158'),
                                                                                                                                                                                                                                                (127, 'SIGMAZINC 19', 'Однокомпонентный цинксодержащий эпоксидный грунт', 1, 1, 38, 35, 0.05, 0.10, 2.00, NULL, 0, -10, 175, 'https://docs.td.ppgpmc.com/download/413/1949/sigmazinc-19', '2022-05-05 10:42:35', '2022-05-05 10:42:35', 'sigmazinc-19'),
                                                                                                                                                                                                                                                (128, 'SIGMAZINC 68 SP', 'Двухкомпонентный, цинкнаполненный отверждаемый полиамидным аддуктом эпоксидный грунт с высоким содержанием сухого остатка', 1, 1, 70, 100, 3.00, 4.00, 3.00, 90, 0, 5, 120, 'https://docs.td.ppgpmc.com/download/345/23084/sigmazinc-68-sp', '2022-05-05 10:44:49', '2022-05-05 10:44:49', 'sigmazinc-68-sp'),
                                                                                                                                                                                                                                                (129, 'STEELGUARD 751', 'Однокомпонентное тонкослойное вспучивающееся покрытие на основе органических растворителей для огнезащиты металлоконструкций', 1, 3, 75, 700, 0.50, 48.00, 6.00, 0, 0, 5, 60, 'https://docs.td.ppgpmc.com/download/21731/64659/steelguard-751', '2022-05-05 10:48:47', '2022-05-05 10:48:47', 'steelguard-751');

-- --------------------------------------------------------

--
-- Дамп данных таблицы `product_additives`
--

INSERT INTO `product_additives` (`id`, `product_id`, `additive_id`, `created_at`, `updated_at`) VALUES
                                                                                                    (1, 1, 2, NULL, NULL),
                                                                                                    (2, 1, 3, NULL, NULL),
                                                                                                    (63, 3, 2, NULL, NULL),
                                                                                                    (62, 3, 3, NULL, NULL),
                                                                                                    (11, 4, 3, NULL, NULL),
                                                                                                    (6, 9, 5, NULL, NULL),
                                                                                                    (7, 11, 1, NULL, NULL),
                                                                                                    (12, 12, 1, NULL, NULL),
                                                                                                    (9, 15, 4, NULL, NULL),
                                                                                                    (57, 16, 4, NULL, NULL),
                                                                                                    (15, 36, 2, NULL, NULL),
                                                                                                    (16, 38, 2, NULL, NULL),
                                                                                                    (17, 47, 5, NULL, NULL),
                                                                                                    (18, 52, 2, NULL, NULL),
                                                                                                    (19, 61, 3, NULL, NULL),
                                                                                                    (20, 62, 3, NULL, NULL),
                                                                                                    (21, 63, 3, NULL, NULL),
                                                                                                    (22, 65, 3, NULL, NULL),
                                                                                                    (23, 68, 5, NULL, NULL),
                                                                                                    (24, 70, 4, NULL, NULL),
                                                                                                    (25, 78, 2, NULL, NULL),
                                                                                                    (29, 79, 2, NULL, NULL),
                                                                                                    (28, 79, 3, NULL, NULL),
                                                                                                    (30, 80, 2, NULL, NULL),
                                                                                                    (31, 81, 3, NULL, NULL),
                                                                                                    (32, 81, 2, NULL, NULL),
                                                                                                    (33, 88, 1, NULL, NULL),
                                                                                                    (35, 97, 5, NULL, NULL),
                                                                                                    (38, 99, 2, NULL, NULL),
                                                                                                    (37, 100, 2, NULL, NULL),
                                                                                                    (39, 104, 6, NULL, NULL),
                                                                                                    (40, 105, 6, NULL, NULL),
                                                                                                    (41, 106, 8, NULL, NULL),
                                                                                                    (42, 107, 4, NULL, NULL),
                                                                                                    (43, 110, 4, NULL, NULL),
                                                                                                    (44, 111, 4, NULL, NULL),
                                                                                                    (45, 115, 5, NULL, NULL),
                                                                                                    (46, 117, 5, NULL, NULL),
                                                                                                    (47, 118, 5, NULL, NULL),
                                                                                                    (48, 119, 5, NULL, NULL),
                                                                                                    (49, 121, 1, NULL, NULL),
                                                                                                    (50, 122, 1, NULL, NULL),
                                                                                                    (51, 123, 1, NULL, NULL),
                                                                                                    (52, 124, 1, NULL, NULL),
                                                                                                    (53, 125, 1, NULL, NULL),
                                                                                                    (54, 126, 1, NULL, NULL),
                                                                                                    (55, 127, 1, NULL, NULL),
                                                                                                    (56, 128, 1, NULL, NULL);

-- --------------------------------------------------------

--
-- Дамп данных таблицы `product_binders`
--

INSERT INTO `product_binders` (`id`, `product_id`, `binder_id`, `created_at`, `updated_at`) VALUES
                                                                                                (1, 1, 18, NULL, NULL),
                                                                                                (276, 2, 19, NULL, NULL),
                                                                                                (270, 3, 19, NULL, NULL),
                                                                                                (33, 4, 18, NULL, NULL),
                                                                                                (32, 4, 17, NULL, NULL),
                                                                                                (6, 5, 17, NULL, NULL),
                                                                                                (35, 6, 9, NULL, NULL),
                                                                                                (34, 6, 1, NULL, NULL),
                                                                                                (37, 7, 9, NULL, NULL),
                                                                                                (36, 7, 1, NULL, NULL),
                                                                                                (39, 8, 18, NULL, NULL),
                                                                                                (38, 8, 17, NULL, NULL),
                                                                                                (13, 9, 17, NULL, NULL),
                                                                                                (14, 10, 1, NULL, NULL),
                                                                                                (15, 10, 9, NULL, NULL),
                                                                                                (16, 10, 10, NULL, NULL),
                                                                                                (17, 11, 20, NULL, NULL),
                                                                                                (40, 12, 20, NULL, NULL),
                                                                                                (41, 13, 7, NULL, NULL),
                                                                                                (242, 14, 17, NULL, NULL),
                                                                                                (241, 14, 14, NULL, NULL),
                                                                                                (240, 14, 8, NULL, NULL),
                                                                                                (29, 15, 5, NULL, NULL),
                                                                                                (244, 16, 8, NULL, NULL),
                                                                                                (243, 16, 5, NULL, NULL),
                                                                                                (44, 17, 14, NULL, NULL),
                                                                                                (45, 17, 17, NULL, NULL),
                                                                                                (46, 18, 17, NULL, NULL),
                                                                                                (47, 19, 8, NULL, NULL),
                                                                                                (48, 19, 17, NULL, NULL),
                                                                                                (49, 20, 8, NULL, NULL),
                                                                                                (50, 20, 17, NULL, NULL),
                                                                                                (51, 21, 8, NULL, NULL),
                                                                                                (52, 21, 14, NULL, NULL),
                                                                                                (53, 21, 17, NULL, NULL),
                                                                                                (54, 22, 17, NULL, NULL),
                                                                                                (55, 23, 17, NULL, NULL),
                                                                                                (56, 24, 17, NULL, NULL),
                                                                                                (57, 25, 8, NULL, NULL),
                                                                                                (58, 25, 14, NULL, NULL),
                                                                                                (59, 25, 17, NULL, NULL),
                                                                                                (60, 26, 8, NULL, NULL),
                                                                                                (61, 26, 14, NULL, NULL),
                                                                                                (62, 26, 17, NULL, NULL),
                                                                                                (63, 27, 8, NULL, NULL),
                                                                                                (64, 27, 14, NULL, NULL),
                                                                                                (65, 27, 17, NULL, NULL),
                                                                                                (247, 28, 17, NULL, NULL),
                                                                                                (246, 28, 14, NULL, NULL),
                                                                                                (245, 28, 8, NULL, NULL),
                                                                                                (84, 36, 6, NULL, NULL),
                                                                                                (80, 29, 17, NULL, NULL),
                                                                                                (83, 36, 1, NULL, NULL),
                                                                                                (79, 30, 17, NULL, NULL),
                                                                                                (113, 31, 12, NULL, NULL),
                                                                                                (75, 32, 13, NULL, NULL),
                                                                                                (76, 33, 13, NULL, NULL),
                                                                                                (114, 34, 11, NULL, NULL),
                                                                                                (78, 35, 11, NULL, NULL),
                                                                                                (249, 37, 17, NULL, NULL),
                                                                                                (248, 37, 6, NULL, NULL),
                                                                                                (87, 38, 1, NULL, NULL),
                                                                                                (88, 38, 6, NULL, NULL),
                                                                                                (89, 39, 1, NULL, NULL),
                                                                                                (90, 39, 6, NULL, NULL),
                                                                                                (91, 40, 6, NULL, NULL),
                                                                                                (92, 40, 17, NULL, NULL),
                                                                                                (93, 41, 2, NULL, NULL),
                                                                                                (94, 41, 6, NULL, NULL),
                                                                                                (95, 42, 11, NULL, NULL),
                                                                                                (96, 43, 11, NULL, NULL),
                                                                                                (99, 44, 11, NULL, NULL),
                                                                                                (98, 45, 11, NULL, NULL),
                                                                                                (100, 46, 4, NULL, NULL),
                                                                                                (101, 47, 15, NULL, NULL),
                                                                                                (102, 48, 4, NULL, NULL),
                                                                                                (103, 49, 1, NULL, NULL),
                                                                                                (104, 50, 3, NULL, NULL),

                                                                                                (107, 52, 17, NULL, NULL),
                                                                                                (108, 52, 18, NULL, NULL),
                                                                                                (109, 53, 16, NULL, NULL),
                                                                                                (110, 53, 17, NULL, NULL),
                                                                                                (111, 54, 16, NULL, NULL),
                                                                                                (112, 54, 17, NULL, NULL),
                                                                                                (118, 55, 18, NULL, NULL),
                                                                                                (117, 55, 17, NULL, NULL),
                                                                                                (127, 57, 18, NULL, NULL),
                                                                                                (126, 57, 17, NULL, NULL),
                                                                                                (124, 58, 16, NULL, NULL),
                                                                                                (125, 58, 17, NULL, NULL),
                                                                                                (128, 59, 16, NULL, NULL),
                                                                                                (129, 59, 17, NULL, NULL),
                                                                                                (130, 60, 17, NULL, NULL),
                                                                                                (131, 61, 17, NULL, NULL),
                                                                                                (132, 61, 18, NULL, NULL),
                                                                                                (133, 62, 17, NULL, NULL),
                                                                                                (134, 62, 18, NULL, NULL),
                                                                                                (135, 63, 17, NULL, NULL),
                                                                                                (136, 63, 18, NULL, NULL),
                                                                                                (137, 64, 17, NULL, NULL),
                                                                                                (138, 64, 18, NULL, NULL),
                                                                                                (139, 65, 17, NULL, NULL),
                                                                                                (140, 65, 18, NULL, NULL),
                                                                                                (146, 66, 18, NULL, NULL),
                                                                                                (145, 66, 17, NULL, NULL),
                                                                                                (143, 67, 17, NULL, NULL),
                                                                                                (144, 67, 18, NULL, NULL),
                                                                                                (147, 68, 17, NULL, NULL),
                                                                                                (148, 68, 18, NULL, NULL),
                                                                                                (149, 69, 17, NULL, NULL),
                                                                                                (150, 70, 17, NULL, NULL),
                                                                                                (151, 71, 9, NULL, NULL),
                                                                                                (152, 72, 1, NULL, NULL),
                                                                                                (153, 72, 9, NULL, NULL),
                                                                                                (154, 73, 1, NULL, NULL),
                                                                                                (155, 73, 17, NULL, NULL),
                                                                                                (156, 74, 1, NULL, NULL),
                                                                                                (157, 74, 9, NULL, NULL),
                                                                                                (158, 75, 1, NULL, NULL),
                                                                                                (159, 75, 9, NULL, NULL),
                                                                                                (160, 76, 1, NULL, NULL),
                                                                                                (161, 76, 9, NULL, NULL),
                                                                                                (162, 77, 9, NULL, NULL),
                                                                                                (163, 77, 10, NULL, NULL),
                                                                                                (164, 78, 2, NULL, NULL),
                                                                                                (168, 79, 18, NULL, NULL),
                                                                                                (167, 79, 17, NULL, NULL),
                                                                                                (169, 80, 9, NULL, NULL),
                                                                                                (170, 81, 17, NULL, NULL),
                                                                                                (171, 82, 2, NULL, NULL),
                                                                                                (173, 83, 12, NULL, NULL),
                                                                                                (174, 84, 12, NULL, NULL),
                                                                                                (175, 85, 17, NULL, NULL),
                                                                                                (176, 86, 17, NULL, NULL),
                                                                                                (177, 86, 18, NULL, NULL),
                                                                                                (178, 87, 8, NULL, NULL),
                                                                                                (179, 87, 14, NULL, NULL),
                                                                                                (180, 87, 17, NULL, NULL),
                                                                                                (181, 88, 20, NULL, NULL),
                                                                                                (182, 89, 14, NULL, NULL),
                                                                                                (183, 89, 17, NULL, NULL),
                                                                                                (184, 90, 17, NULL, NULL),
                                                                                                (185, 91, 17, NULL, NULL),
                                                                                                (186, 92, 8, NULL, NULL),
                                                                                                (187, 92, 14, NULL, NULL),
                                                                                                (188, 92, 17, NULL, NULL),
                                                                                                (189, 93, 8, NULL, NULL),
                                                                                                (190, 93, 14, NULL, NULL),
                                                                                                (191, 93, 17, NULL, NULL),
                                                                                                (192, 94, 17, NULL, NULL),
                                                                                                (193, 95, 17, NULL, NULL),
                                                                                                (194, 96, 9, NULL, NULL),
                                                                                                (200, 97, 17, NULL, NULL),
                                                                                                (199, 97, 16, NULL, NULL),
                                                                                                (197, 98, 16, NULL, NULL),
                                                                                                (198, 98, 17, NULL, NULL),
                                                                                                (203, 99, 2, NULL, NULL),
                                                                                                (202, 100, 2, NULL, NULL),
                                                                                                (204, 101, 2, NULL, NULL),
                                                                                                (205, 102, 2, NULL, NULL),
                                                                                                (206, 103, 2, NULL, NULL),
                                                                                                (207, 104, 3, NULL, NULL),
                                                                                                (208, 105, 3, NULL, NULL),
                                                                                                (209, 106, 17, NULL, NULL),
                                                                                                (210, 107, 17, NULL, NULL),
                                                                                                (211, 108, 14, NULL, NULL),
                                                                                                (212, 108, 17, NULL, NULL),
                                                                                                (213, 109, 17, NULL, NULL),
                                                                                                (214, 110, 17, NULL, NULL),
                                                                                                (215, 111, 17, NULL, NULL),
                                                                                                (216, 112, 17, NULL, NULL),
                                                                                                (219, 113, 17, NULL, NULL),
                                                                                                (218, 114, 17, NULL, NULL),
                                                                                                (220, 115, 2, NULL, NULL),
                                                                                                (221, 116, 14, NULL, NULL),
                                                                                                (222, 116, 17, NULL, NULL),
                                                                                                (223, 117, 1, NULL, NULL),
                                                                                                (224, 117, 12, NULL, NULL),
                                                                                                (225, 118, 2, NULL, NULL),
                                                                                                (226, 119, 12, NULL, NULL),
                                                                                                (227, 120, 17, NULL, NULL),
                                                                                                (228, 120, 18, NULL, NULL),
                                                                                                (229, 121, 20, NULL, NULL),
                                                                                                (230, 122, 20, NULL, NULL),
                                                                                                (231, 123, 17, NULL, NULL),
                                                                                                (232, 124, 17, NULL, NULL),
                                                                                                (233, 125, 17, NULL, NULL),
                                                                                                (234, 125, 18, NULL, NULL),
                                                                                                (235, 126, 20, NULL, NULL),
                                                                                                (236, 127, 17, NULL, NULL),
                                                                                                (237, 128, 17, NULL, NULL),
                                                                                                (238, 128, 18, NULL, NULL),
                                                                                                (239, 129, 1, NULL, NULL),
                                                                                                (269, 3, 17, NULL, NULL),
                                                                                                (275, 2, 17, NULL, NULL);

-- --------------------------------------------------------

--
-- Дамп данных таблицы `product_environments`
--

INSERT INTO `product_environments` (`id`, `product_id`, `environment_id`, `created_at`, `updated_at`) VALUES
                                                                                                          (1, 1, 1, NULL, NULL),
                                                                                                          (249, 2, 2, NULL, NULL),
                                                                                                          (248, 2, 1, NULL, NULL),
                                                                                                          (243, 3, 2, NULL, NULL),
                                                                                                          (242, 3, 1, NULL, NULL),
                                                                                                          (31, 4, 2, NULL, NULL),
                                                                                                          (30, 4, 1, NULL, NULL),
                                                                                                          (8, 5, 2, NULL, NULL),
                                                                                                          (9, 5, 3, NULL, NULL),
                                                                                                          (32, 6, 1, NULL, NULL),
                                                                                                          (33, 7, 1, NULL, NULL),
                                                                                                          (35, 8, 2, NULL, NULL),
                                                                                                          (34, 8, 1, NULL, NULL),
                                                                                                          (14, 9, 1, NULL, NULL),
                                                                                                          (15, 9, 2, NULL, NULL),
                                                                                                          (16, 10, 1, NULL, NULL),
                                                                                                          (17, 11, 1, NULL, NULL),
                                                                                                          (37, 12, 2, NULL, NULL),
                                                                                                          (36, 12, 1, NULL, NULL),
                                                                                                          (38, 13, 1, NULL, NULL),
                                                                                                          (214, 14, 2, NULL, NULL),
                                                                                                          (213, 14, 4, NULL, NULL),
                                                                                                          (27, 15, 4, NULL, NULL),
                                                                                                          (215, 16, 4, NULL, NULL),
                                                                                                          (40, 17, 4, NULL, NULL),
                                                                                                          (41, 18, 4, NULL, NULL),
                                                                                                          (42, 19, 4, NULL, NULL),
                                                                                                          (43, 20, 4, NULL, NULL),
                                                                                                          (44, 21, 4, NULL, NULL),
                                                                                                          (45, 22, 1, NULL, NULL),
                                                                                                          (46, 23, 1, NULL, NULL),
                                                                                                          (47, 24, 1, NULL, NULL),
                                                                                                          (48, 25, 4, NULL, NULL),
                                                                                                          (49, 26, 4, NULL, NULL),
                                                                                                          (50, 27, 4, NULL, NULL),
                                                                                                          (216, 28, 4, NULL, NULL),
                                                                                                          (61, 29, 1, NULL, NULL),
                                                                                                          (60, 30, 1, NULL, NULL),
                                                                                                          (89, 31, 1, NULL, NULL),
                                                                                                          (56, 32, 1, NULL, NULL),
                                                                                                          (57, 33, 1, NULL, NULL),
                                                                                                          (90, 34, 2, NULL, NULL),
                                                                                                          (59, 35, 2, NULL, NULL),
                                                                                                          (63, 36, 1, NULL, NULL),
                                                                                                          (217, 37, 1, NULL, NULL),
                                                                                                          (65, 38, 1, NULL, NULL),
                                                                                                          (66, 39, 1, NULL, NULL),
                                                                                                          (67, 40, 1, NULL, NULL),
                                                                                                          (68, 41, 1, NULL, NULL),
                                                                                                          (69, 42, 2, NULL, NULL),
                                                                                                          (70, 43, 2, NULL, NULL),
                                                                                                          (73, 44, 2, NULL, NULL),
                                                                                                          (72, 45, 2, NULL, NULL),
                                                                                                          (74, 46, 2, NULL, NULL),
                                                                                                          (75, 47, 1, NULL, NULL),
                                                                                                          (76, 47, 2, NULL, NULL),
                                                                                                          (77, 48, 1, NULL, NULL),
                                                                                                          (78, 48, 2, NULL, NULL),
                                                                                                          (79, 49, 1, NULL, NULL),
                                                                                                          (80, 50, 1, NULL, NULL),
                                                                                                          (81, 50, 4, NULL, NULL),

                                                                                                          (84, 52, 1, NULL, NULL),
                                                                                                          (85, 53, 1, NULL, NULL),
                                                                                                          (86, 53, 2, NULL, NULL),
                                                                                                          (87, 54, 1, NULL, NULL),
                                                                                                          (88, 54, 4, NULL, NULL),
                                                                                                          (92, 55, 1, NULL, NULL),
                                                                                                          (98, 57, 1, NULL, NULL),
                                                                                                          (96, 58, 1, NULL, NULL),
                                                                                                          (97, 58, 2, NULL, NULL),
                                                                                                          (99, 59, 1, NULL, NULL),
                                                                                                          (100, 59, 2, NULL, NULL),
                                                                                                          (101, 60, 1, NULL, NULL),
                                                                                                          (102, 60, 4, NULL, NULL),
                                                                                                          (103, 61, 1, NULL, NULL),
                                                                                                          (104, 62, 1, NULL, NULL),
                                                                                                          (105, 63, 1, NULL, NULL),
                                                                                                          (106, 64, 1, NULL, NULL),
                                                                                                          (107, 65, 1, NULL, NULL),
                                                                                                          (108, 65, 4, NULL, NULL),
                                                                                                          (112, 66, 2, NULL, NULL),
                                                                                                          (110, 67, 1, NULL, NULL),
                                                                                                          (111, 67, 4, NULL, NULL),
                                                                                                          (113, 68, 1, NULL, NULL),
                                                                                                          (114, 68, 4, NULL, NULL),
                                                                                                          (115, 69, 1, NULL, NULL),
                                                                                                          (116, 69, 4, NULL, NULL),
                                                                                                          (117, 69, 2, NULL, NULL),
                                                                                                          (118, 70, 1, NULL, NULL),
                                                                                                          (119, 70, 4, NULL, NULL),
                                                                                                          (120, 71, 1, NULL, NULL),
                                                                                                          (121, 72, 1, NULL, NULL),
                                                                                                          (122, 73, 1, NULL, NULL),
                                                                                                          (123, 74, 1, NULL, NULL),
                                                                                                          (124, 75, 1, NULL, NULL),
                                                                                                          (125, 76, 1, NULL, NULL),
                                                                                                          (126, 77, 1, NULL, NULL),
                                                                                                          (127, 78, 1, NULL, NULL),
                                                                                                          (129, 79, 1, NULL, NULL),
                                                                                                          (130, 80, 1, NULL, NULL),
                                                                                                          (131, 81, 1, NULL, NULL),
                                                                                                          (132, 82, 1, NULL, NULL),
                                                                                                          (134, 83, 2, NULL, NULL),
                                                                                                          (135, 84, 2, NULL, NULL),
                                                                                                          (136, 85, 4, NULL, NULL),
                                                                                                          (137, 85, 2, NULL, NULL),
                                                                                                          (138, 86, 4, NULL, NULL),
                                                                                                          (139, 86, 2, NULL, NULL),
                                                                                                          (140, 87, 4, NULL, NULL),
                                                                                                          (141, 88, 1, NULL, NULL),
                                                                                                          (142, 88, 4, NULL, NULL),
                                                                                                          (143, 89, 4, NULL, NULL),
                                                                                                          (144, 89, 2, NULL, NULL),
                                                                                                          (145, 90, 4, NULL, NULL),
                                                                                                          (146, 90, 2, NULL, NULL),
                                                                                                          (147, 91, 4, NULL, NULL),
                                                                                                          (148, 91, 2, NULL, NULL),
                                                                                                          (149, 92, 3, NULL, NULL),
                                                                                                          (150, 93, 4, NULL, NULL),
                                                                                                          (151, 93, 3, NULL, NULL),
                                                                                                          (152, 94, 4, NULL, NULL),
                                                                                                          (153, 95, 2, NULL, NULL),
                                                                                                          (154, 96, 3, NULL, NULL),
                                                                                                          (161, 97, 4, NULL, NULL),
                                                                                                          (160, 97, 1, NULL, NULL),
                                                                                                          (157, 98, 1, NULL, NULL),
                                                                                                          (158, 98, 4, NULL, NULL),
                                                                                                          (159, 98, 2, NULL, NULL),
                                                                                                          (162, 97, 2, NULL, NULL),
                                                                                                          (165, 99, 1, NULL, NULL),
                                                                                                          (164, 100, 1, NULL, NULL),
                                                                                                          (166, 101, 1, NULL, NULL),
                                                                                                          (167, 101, 2, NULL, NULL),
                                                                                                          (168, 102, 1, NULL, NULL),
                                                                                                          (169, 102, 2, NULL, NULL),
                                                                                                          (170, 103, 1, NULL, NULL),
                                                                                                          (171, 104, 1, NULL, NULL),
                                                                                                          (172, 105, 1, NULL, NULL),
                                                                                                          (173, 106, 4, NULL, NULL),
                                                                                                          (174, 107, 1, NULL, NULL),
                                                                                                          (175, 107, 4, NULL, NULL),
                                                                                                          (176, 108, 1, NULL, NULL),
                                                                                                          (177, 108, 4, NULL, NULL),
                                                                                                          (178, 108, 2, NULL, NULL),
                                                                                                          (179, 109, 1, NULL, NULL),
                                                                                                          (180, 109, 4, NULL, NULL),
                                                                                                          (181, 109, 2, NULL, NULL),
                                                                                                          (182, 110, 2, NULL, NULL),
                                                                                                          (183, 111, 1, NULL, NULL),
                                                                                                          (184, 111, 4, NULL, NULL),
                                                                                                          (185, 111, 3, NULL, NULL),
                                                                                                          (186, 112, 1, NULL, NULL),
                                                                                                          (187, 112, 4, NULL, NULL),
                                                                                                          (188, 112, 3, NULL, NULL),
                                                                                                          (194, 113, 4, NULL, NULL),
                                                                                                          (193, 113, 1, NULL, NULL),
                                                                                                          (191, 114, 1, NULL, NULL),
                                                                                                          (192, 114, 4, NULL, NULL),
                                                                                                          (195, 115, 1, NULL, NULL),
                                                                                                          (196, 116, 1, NULL, NULL),
                                                                                                          (197, 117, 1, NULL, NULL),
                                                                                                          (198, 118, 1, NULL, NULL),
                                                                                                          (199, 119, 1, NULL, NULL),
                                                                                                          (200, 120, 1, NULL, NULL),
                                                                                                          (201, 121, 1, NULL, NULL),
                                                                                                          (202, 121, 2, NULL, NULL),
                                                                                                          (203, 122, 1, NULL, NULL),
                                                                                                          (204, 122, 2, NULL, NULL),
                                                                                                          (205, 123, 1, NULL, NULL),
                                                                                                          (206, 124, 1, NULL, NULL),
                                                                                                          (207, 125, 1, NULL, NULL),
                                                                                                          (208, 126, 1, NULL, NULL),
                                                                                                          (209, 127, 1, NULL, NULL),
                                                                                                          (210, 128, 1, NULL, NULL),
                                                                                                          (211, 128, 2, NULL, NULL),
                                                                                                          (212, 129, 1, NULL, NULL);

-- --------------------------------------------------------

--
-- Дамп данных таблицы `product_numbers`
--

INSERT INTO `product_numbers` (`id`, `product_id`, `number_id`, `created_at`, `updated_at`) VALUES
                                                                                                (1, 1, 1, NULL, NULL),
                                                                                                (2, 1, 2, NULL, NULL),
                                                                                                (283, 2, 2, NULL, NULL),
                                                                                                (282, 2, 1, NULL, NULL),
                                                                                                (277, 3, 2, NULL, NULL),
                                                                                                (276, 3, 1, NULL, NULL),
                                                                                                (33, 4, 2, NULL, NULL),
                                                                                                (32, 4, 1, NULL, NULL),
                                                                                                (9, 5, 1, NULL, NULL),
                                                                                                (10, 5, 4, NULL, NULL),
                                                                                                (34, 6, 3, NULL, NULL),
                                                                                                (35, 7, 3, NULL, NULL),
                                                                                                (37, 8, 4, NULL, NULL),
                                                                                                (36, 8, 1, NULL, NULL),
                                                                                                (15, 9, 1, NULL, NULL),
                                                                                                (16, 9, 4, NULL, NULL),
                                                                                                (17, 10, 1, NULL, NULL),
                                                                                                (18, 10, 3, NULL, NULL),
                                                                                                (19, 11, 1, NULL, NULL),
                                                                                                (38, 12, 1, NULL, NULL),
                                                                                                (39, 13, 1, NULL, NULL),
                                                                                                (246, 14, 4, NULL, NULL),
                                                                                                (245, 14, 1, NULL, NULL),
                                                                                                (28, 15, 1, NULL, NULL),
                                                                                                (29, 15, 4, NULL, NULL),
                                                                                                (247, 16, 4, NULL, NULL),
                                                                                                (41, 17, 4, NULL, NULL),
                                                                                                (42, 18, 4, NULL, NULL),
                                                                                                (43, 19, 4, NULL, NULL),
                                                                                                (44, 20, 4, NULL, NULL),
                                                                                                (45, 21, 4, NULL, NULL),
                                                                                                (46, 22, 1, NULL, NULL),
                                                                                                (47, 22, 2, NULL, NULL),
                                                                                                (48, 23, 1, NULL, NULL),
                                                                                                (49, 24, 1, NULL, NULL),
                                                                                                (50, 24, 2, NULL, NULL),
                                                                                                (51, 24, 3, NULL, NULL),
                                                                                                (52, 25, 1, NULL, NULL),
                                                                                                (53, 25, 2, NULL, NULL),
                                                                                                (54, 25, 3, NULL, NULL),
                                                                                                (55, 25, 4, NULL, NULL),
                                                                                                (56, 26, 4, NULL, NULL),
                                                                                                (57, 27, 1, NULL, NULL),
                                                                                                (58, 27, 4, NULL, NULL),
                                                                                                (250, 28, 4, NULL, NULL),
                                                                                                (249, 28, 3, NULL, NULL),
                                                                                                (248, 28, 2, NULL, NULL),
                                                                                                (79, 29, 2, NULL, NULL),
                                                                                                (78, 29, 1, NULL, NULL),
                                                                                                (77, 30, 2, NULL, NULL),
                                                                                                (76, 30, 1, NULL, NULL),
                                                                                                (111, 31, 2, NULL, NULL),
                                                                                                (110, 31, 1, NULL, NULL),
                                                                                                (70, 32, 1, NULL, NULL),
                                                                                                (71, 32, 3, NULL, NULL),
                                                                                                (72, 33, 1, NULL, NULL),
                                                                                                (73, 33, 3, NULL, NULL),
                                                                                                (112, 34, 3, NULL, NULL),
                                                                                                (75, 35, 3, NULL, NULL),
                                                                                                (83, 36, 3, NULL, NULL),
                                                                                                (82, 36, 1, NULL, NULL),
                                                                                                (251, 37, 1, NULL, NULL),
                                                                                                (85, 38, 1, NULL, NULL),
                                                                                                (86, 39, 3, NULL, NULL),
                                                                                                (87, 40, 1, NULL, NULL),
                                                                                                (88, 40, 2, NULL, NULL),
                                                                                                (89, 41, 3, NULL, NULL),
                                                                                                (90, 42, 3, NULL, NULL),
                                                                                                (91, 43, 3, NULL, NULL),
                                                                                                (94, 44, 3, NULL, NULL),
                                                                                                (93, 45, 3, NULL, NULL),
                                                                                                (95, 46, 1, NULL, NULL),
                                                                                                (96, 47, 1, NULL, NULL),
                                                                                                (97, 47, 2, NULL, NULL),
                                                                                                (98, 48, 3, NULL, NULL),
                                                                                                (99, 49, 1, NULL, NULL),
                                                                                                (100, 49, 2, NULL, NULL),
                                                                                                (101, 49, 3, NULL, NULL),
                                                                                                (102, 50, 1, NULL, NULL),
                                                                                                (103, 50, 4, NULL, NULL),

                                                                                                (106, 52, 1, NULL, NULL),
                                                                                                (107, 52, 2, NULL, NULL),
                                                                                                (108, 53, 1, NULL, NULL),
                                                                                                (109, 54, 1, NULL, NULL),
                                                                                                (116, 55, 2, NULL, NULL),
                                                                                                (115, 55, 1, NULL, NULL),
                                                                                                (124, 57, 2, NULL, NULL),
                                                                                                (123, 57, 1, NULL, NULL),
                                                                                                (121, 58, 1, NULL, NULL),
                                                                                                (122, 58, 2, NULL, NULL),
                                                                                                (125, 59, 1, NULL, NULL),
                                                                                                (126, 59, 2, NULL, NULL),
                                                                                                (127, 60, 1, NULL, NULL),
                                                                                                (128, 60, 2, NULL, NULL),
                                                                                                (129, 60, 4, NULL, NULL),
                                                                                                (130, 61, 1, NULL, NULL),
                                                                                                (131, 61, 2, NULL, NULL),
                                                                                                (132, 62, 1, NULL, NULL),
                                                                                                (133, 62, 2, NULL, NULL),
                                                                                                (134, 63, 1, NULL, NULL),
                                                                                                (135, 63, 3, NULL, NULL),
                                                                                                (136, 64, 1, NULL, NULL),
                                                                                                (137, 64, 2, NULL, NULL),
                                                                                                (138, 64, 3, NULL, NULL),
                                                                                                (139, 65, 1, NULL, NULL),
                                                                                                (140, 65, 2, NULL, NULL),
                                                                                                (146, 66, 2, NULL, NULL),
                                                                                                (142, 67, 1, NULL, NULL),
                                                                                                (143, 67, 2, NULL, NULL),
                                                                                                (144, 67, 3, NULL, NULL),
                                                                                                (145, 67, 4, NULL, NULL),
                                                                                                (147, 68, 1, NULL, NULL),
                                                                                                (148, 68, 2, NULL, NULL),
                                                                                                (149, 68, 3, NULL, NULL),
                                                                                                (150, 69, 1, NULL, NULL),
                                                                                                (151, 69, 2, NULL, NULL),
                                                                                                (152, 69, 4, NULL, NULL),
                                                                                                (153, 70, 1, NULL, NULL),
                                                                                                (154, 70, 2, NULL, NULL),
                                                                                                (155, 70, 3, NULL, NULL),
                                                                                                (156, 71, 3, NULL, NULL),
                                                                                                (157, 72, 3, NULL, NULL),
                                                                                                (158, 73, 3, NULL, NULL),
                                                                                                (159, 74, 3, NULL, NULL),
                                                                                                (160, 75, 1, NULL, NULL),
                                                                                                (161, 75, 3, NULL, NULL),
                                                                                                (162, 76, 3, NULL, NULL),
                                                                                                (163, 77, 1, NULL, NULL),
                                                                                                (164, 77, 3, NULL, NULL),
                                                                                                (165, 78, 1, NULL, NULL),
                                                                                                (166, 78, 2, NULL, NULL),
                                                                                                (170, 79, 3, NULL, NULL),
                                                                                                (169, 79, 1, NULL, NULL),
                                                                                                (171, 80, 1, NULL, NULL),
                                                                                                (172, 80, 3, NULL, NULL),
                                                                                                (173, 81, 1, NULL, NULL),
                                                                                                (174, 81, 2, NULL, NULL),
                                                                                                (175, 82, 3, NULL, NULL),
                                                                                                (177, 83, 3, NULL, NULL),
                                                                                                (178, 84, 2, NULL, NULL),
                                                                                                (179, 85, 4, NULL, NULL),
                                                                                                (180, 86, 4, NULL, NULL),
                                                                                                (181, 87, 4, NULL, NULL),
                                                                                                (182, 88, 1, NULL, NULL),
                                                                                                (183, 88, 4, NULL, NULL),
                                                                                                (184, 89, 4, NULL, NULL),
                                                                                                (185, 90, 4, NULL, NULL),
                                                                                                (186, 91, 4, NULL, NULL),
                                                                                                (187, 92, 4, NULL, NULL),
                                                                                                (188, 93, 4, NULL, NULL),
                                                                                                (189, 94, 4, NULL, NULL),
                                                                                                (190, 95, 4, NULL, NULL),
                                                                                                (191, 96, 4, NULL, NULL),
                                                                                                (197, 97, 4, NULL, NULL),
                                                                                                (196, 97, 1, NULL, NULL),
                                                                                                (194, 98, 1, NULL, NULL),
                                                                                                (195, 98, 4, NULL, NULL),
                                                                                                (200, 99, 1, NULL, NULL),
                                                                                                (199, 100, 1, NULL, NULL),
                                                                                                (201, 101, 3, NULL, NULL),
                                                                                                (202, 102, 3, NULL, NULL),
                                                                                                (203, 103, 3, NULL, NULL),
                                                                                                (204, 104, 1, NULL, NULL),
                                                                                                (205, 104, 3, NULL, NULL),
                                                                                                (206, 105, 1, NULL, NULL),
                                                                                                (207, 105, 3, NULL, NULL),
                                                                                                (208, 106, 4, NULL, NULL),
                                                                                                (209, 107, 1, NULL, NULL),
                                                                                                (210, 107, 4, NULL, NULL),
                                                                                                (211, 108, 1, NULL, NULL),
                                                                                                (212, 108, 4, NULL, NULL),
                                                                                                (213, 109, 2, NULL, NULL),
                                                                                                (214, 109, 4, NULL, NULL),
                                                                                                (215, 110, 1, NULL, NULL),
                                                                                                (216, 110, 3, NULL, NULL),
                                                                                                (217, 111, 1, NULL, NULL),
                                                                                                (218, 111, 4, NULL, NULL),
                                                                                                (219, 112, 1, NULL, NULL),
                                                                                                (220, 112, 4, NULL, NULL),
                                                                                                (226, 113, 2, NULL, NULL),
                                                                                                (225, 113, 1, NULL, NULL),
                                                                                                (223, 114, 1, NULL, NULL),
                                                                                                (224, 114, 2, NULL, NULL),
                                                                                                (227, 115, 3, NULL, NULL),
                                                                                                (228, 116, 1, NULL, NULL),
                                                                                                (229, 116, 2, NULL, NULL),
                                                                                                (230, 117, 3, NULL, NULL),
                                                                                                (231, 118, 1, NULL, NULL),
                                                                                                (232, 118, 3, NULL, NULL),
                                                                                                (233, 119, 1, NULL, NULL),
                                                                                                (234, 119, 3, NULL, NULL),
                                                                                                (235, 120, 1, NULL, NULL),
                                                                                                (236, 121, 1, NULL, NULL),
                                                                                                (237, 122, 1, NULL, NULL),
                                                                                                (238, 123, 1, NULL, NULL),
                                                                                                (239, 124, 1, NULL, NULL),
                                                                                                (240, 125, 1, NULL, NULL),
                                                                                                (241, 126, 1, NULL, NULL),
                                                                                                (242, 127, 1, NULL, NULL),
                                                                                                (243, 128, 1, NULL, NULL),
                                                                                                (244, 129, 2, NULL, NULL);


-- --------------------------------------------------------

--
-- Дамп данных таблицы `resistances`
--

INSERT INTO `resistances` (`id`, `title`, `created_at`, `updated_at`, `slug`) VALUES
                                                                                  (1, 'морская вода', NULL, NULL, 'morskaia-voda'),
                                                                                  (2, 'пресная вода', NULL, NULL, 'presnaia-voda'),
                                                                                  (3, 'питьевая вода', NULL, NULL, 'pitevaia-voda'),
                                                                                  (4, 'горячая вода (от +50)', NULL, NULL, 'goriacaia-voda-ot-50'),
                                                                                  (5, 'химически загрязненная вода', NULL, NULL, 'ximiceski-zagriaznennaia-voda'),
                                                                                  (6, 'сырая нефть', NULL, NULL, 'syraia-neft'),
                                                                                  (7, 'нефтепродукты', NULL, NULL, 'nefteprodukty'),
                                                                                  (8, 'химикаты', NULL, NULL, 'ximikaty'),
                                                                                  (9, 'абразивный износ', NULL, NULL, 'abrazivnyi-iznos'),
                                                                                  (10, 'авиационное топливо', NULL, NULL, 'aviacionnoe-toplivo'),
                                                                                  (11, 'брызги и проливы химикатов', NULL, NULL, 'bryzgi-i-prolivy-ximikatov'),
                                                                                  (12, 'удар', NULL, NULL, 'udar'),
                                                                                  (13, 'под изоляцию', NULL, NULL, 'pod-izoliaciiu'),
                                                                                  (14, 'искробезопасность', NULL, NULL, 'iskrobezopasnost'),
                                                                                  (15, 'хранение зерна', NULL, NULL, 'xranenie-zerna'),
                                                                                  (16, 'высокая температура', NULL, NULL, 'vysokaia-temperatura'),
                                                                                  (17, 'адгезия', NULL, NULL, 'adgeziia'),
                                                                                  (18, 'катодное отслаивание', NULL, NULL, 'katodnoe-otslaivanie');

-- --------------------------------------------------------


--
-- Дамп данных таблицы `substrates`
--

INSERT INTO `substrates` (`id`, `title`, `created_at`, `updated_at`, `slug`) VALUES
                                                                                 (1, 'сталь', NULL, NULL, 'stal'),
                                                                                 (2, 'бетон', NULL, NULL, 'beton'),
                                                                                 (3, 'оцинковка', NULL, NULL, 'ocinkovka'),
                                                                                 (4, 'цветные металлы', NULL, NULL, 'cvetnye-metally'),
                                                                                 (5, 'алюминий', NULL, NULL, 'aliuminii'),
                                                                                 (6, 'дерево', NULL, NULL, 'derevo');

-- --------------------------------------------------------

--
-- Дамп данных таблицы `product_resistances`
--

INSERT INTO `product_resistances` (`id`, `product_id`, `resistance_id`, `created_at`, `updated_at`) VALUES
                                                                                                        (419, 2, 3, NULL, NULL),
                                                                                                        (418, 2, 7, NULL, NULL),
                                                                                                        (417, 2, 4, NULL, NULL),
                                                                                                        (410, 3, 15, NULL, NULL),
                                                                                                        (409, 3, 5, NULL, NULL),
                                                                                                        (408, 3, 2, NULL, NULL),
                                                                                                        (407, 3, 3, NULL, NULL),
                                                                                                        (406, 3, 1, NULL, NULL),
                                                                                                        (405, 3, 10, NULL, NULL),
                                                                                                        (404, 3, 9, NULL, NULL),
                                                                                                        (57, 4, 11, NULL, NULL),
                                                                                                        (12, 5, 9, NULL, NULL),
                                                                                                        (13, 5, 11, NULL, NULL),
                                                                                                        (14, 5, 4, NULL, NULL),
                                                                                                        (15, 5, 1, NULL, NULL),
                                                                                                        (16, 5, 7, NULL, NULL),
                                                                                                        (17, 5, 3, NULL, NULL),
                                                                                                        (18, 5, 2, NULL, NULL),
                                                                                                        (19, 5, 6, NULL, NULL),
                                                                                                        (20, 5, 5, NULL, NULL),
                                                                                                        (58, 6, 9, NULL, NULL),
                                                                                                        (59, 7, 9, NULL, NULL),
                                                                                                        (60, 8, 17, NULL, NULL),
                                                                                                        (24, 9, 17, NULL, NULL),
                                                                                                        (25, 9, 11, NULL, NULL),
                                                                                                        (26, 10, 9, NULL, NULL),
                                                                                                        (27, 10, 11, NULL, NULL),
                                                                                                        (28, 11, 16, NULL, NULL),
                                                                                                        (62, 12, 12, NULL, NULL),
                                                                                                        (61, 12, 9, NULL, NULL),
                                                                                                        (64, 13, 13, NULL, NULL),
                                                                                                        (63, 13, 16, NULL, NULL),
                                                                                                        (349, 14, 5, NULL, NULL),
                                                                                                        (348, 14, 8, NULL, NULL),
                                                                                                        (347, 14, 6, NULL, NULL),
                                                                                                        (346, 14, 2, NULL, NULL),
                                                                                                        (345, 14, 1, NULL, NULL),
                                                                                                        (344, 14, 4, NULL, NULL),
                                                                                                        (343, 14, 9, NULL, NULL),
                                                                                                        (54, 15, 11, NULL, NULL),
                                                                                                        (55, 15, 8, NULL, NULL),
                                                                                                        (357, 16, 5, NULL, NULL),
                                                                                                        (356, 16, 8, NULL, NULL),
                                                                                                        (355, 16, 6, NULL, NULL),
                                                                                                        (354, 16, 2, NULL, NULL),
                                                                                                        (353, 16, 7, NULL, NULL),
                                                                                                        (352, 16, 1, NULL, NULL),
                                                                                                        (351, 16, 4, NULL, NULL),
                                                                                                        (350, 16, 11, NULL, NULL),
                                                                                                        (73, 17, 9, NULL, NULL),
                                                                                                        (74, 17, 1, NULL, NULL),
                                                                                                        (75, 17, 7, NULL, NULL),
                                                                                                        (76, 17, 2, NULL, NULL),
                                                                                                        (77, 17, 6, NULL, NULL),
                                                                                                        (78, 17, 8, NULL, NULL),
                                                                                                        (79, 17, 5, NULL, NULL),
                                                                                                        (80, 18, 9, NULL, NULL),
                                                                                                        (81, 18, 1, NULL, NULL),
                                                                                                        (82, 18, 7, NULL, NULL),
                                                                                                        (83, 18, 2, NULL, NULL),
                                                                                                        (84, 18, 6, NULL, NULL),
                                                                                                        (85, 18, 8, NULL, NULL),
                                                                                                        (86, 19, 7, NULL, NULL),
                                                                                                        (87, 19, 6, NULL, NULL),
                                                                                                        (88, 19, 8, NULL, NULL),
                                                                                                        (89, 20, 16, NULL, NULL),
                                                                                                        (90, 20, 7, NULL, NULL),
                                                                                                        (91, 20, 6, NULL, NULL),
                                                                                                        (92, 20, 8, NULL, NULL),
                                                                                                        (93, 21, 16, NULL, NULL),
                                                                                                        (94, 21, 14, NULL, NULL),
                                                                                                        (95, 21, 7, NULL, NULL),
                                                                                                        (96, 21, 6, NULL, NULL),
                                                                                                        (97, 22, 9, NULL, NULL),
                                                                                                        (98, 23, 9, NULL, NULL),
                                                                                                        (99, 24, 9, NULL, NULL),
                                                                                                        (100, 25, 4, NULL, NULL),
                                                                                                        (101, 25, 1, NULL, NULL),
                                                                                                        (102, 25, 2, NULL, NULL),
                                                                                                        (103, 25, 8, NULL, NULL),
                                                                                                        (104, 25, 5, NULL, NULL),
                                                                                                        (105, 26, 4, NULL, NULL),
                                                                                                        (106, 26, 1, NULL, NULL),
                                                                                                        (107, 26, 2, NULL, NULL),
                                                                                                        (108, 26, 8, NULL, NULL),
                                                                                                        (109, 27, 4, NULL, NULL),
                                                                                                        (110, 27, 18, NULL, NULL),
                                                                                                        (111, 27, 1, NULL, NULL),
                                                                                                        (359, 28, 1, NULL, NULL),
                                                                                                        (358, 28, 4, NULL, NULL),
                                                                                                        (148, 29, 12, NULL, NULL),
                                                                                                        (147, 29, 2, NULL, NULL),
                                                                                                        (146, 29, 1, NULL, NULL),
                                                                                                        (145, 29, 16, NULL, NULL),
                                                                                                        (144, 29, 11, NULL, NULL),
                                                                                                        (143, 29, 9, NULL, NULL),
                                                                                                        (142, 30, 12, NULL, NULL),
                                                                                                        (141, 30, 2, NULL, NULL),
                                                                                                        (140, 30, 1, NULL, NULL),
                                                                                                        (139, 30, 16, NULL, NULL),
                                                                                                        (138, 30, 11, NULL, NULL),
                                                                                                        (137, 30, 9, NULL, NULL),
                                                                                                        (169, 31, 16, NULL, NULL),
                                                                                                        (133, 32, 11, NULL, NULL),
                                                                                                        (134, 33, 11, NULL, NULL),
                                                                                                        (170, 34, 1, NULL, NULL),
                                                                                                        (136, 35, 1, NULL, NULL),
                                                                                                        (150, 42, 1, NULL, NULL),
                                                                                                        (151, 43, 1, NULL, NULL),
                                                                                                        (154, 44, 1, NULL, NULL),
                                                                                                        (153, 45, 1, NULL, NULL),
                                                                                                        (155, 46, 1, NULL, NULL),
                                                                                                        (156, 47, 1, NULL, NULL),
                                                                                                        (157, 48, 1, NULL, NULL),
                                                                                                        (158, 49, 11, NULL, NULL),
                                                                                                        (159, 50, 1, NULL, NULL),
                                                                                                        (160, 50, 2, NULL, NULL),

                                                                                                        (164, 52, 17, NULL, NULL),
                                                                                                        (165, 53, 17, NULL, NULL),
                                                                                                        (166, 53, 1, NULL, NULL),
                                                                                                        (167, 54, 17, NULL, NULL),
                                                                                                        (168, 54, 1, NULL, NULL),
                                                                                                        (174, 55, 11, NULL, NULL),
                                                                                                        (173, 55, 9, NULL, NULL),
                                                                                                        (186, 57, 15, NULL, NULL),
                                                                                                        (185, 57, 1, NULL, NULL),
                                                                                                        (184, 57, 11, NULL, NULL),
                                                                                                        (183, 57, 9, NULL, NULL),
                                                                                                        (181, 58, 1, NULL, NULL),
                                                                                                        (182, 58, 2, NULL, NULL),
                                                                                                        (187, 59, 9, NULL, NULL),
                                                                                                        (188, 59, 1, NULL, NULL),
                                                                                                        (189, 59, 2, NULL, NULL),
                                                                                                        (190, 60, 17, NULL, NULL),
                                                                                                        (191, 60, 11, NULL, NULL),
                                                                                                        (192, 60, 1, NULL, NULL),
                                                                                                        (193, 63, 11, NULL, NULL),
                                                                                                        (194, 64, 17, NULL, NULL),
                                                                                                        (195, 64, 11, NULL, NULL),
                                                                                                        (196, 65, 9, NULL, NULL),
                                                                                                        (197, 65, 17, NULL, NULL),
                                                                                                        (198, 65, 13, NULL, NULL),
                                                                                                        (199, 65, 12, NULL, NULL),
                                                                                                        (210, 66, 12, NULL, NULL),
                                                                                                        (209, 66, 1, NULL, NULL),
                                                                                                        (208, 66, 17, NULL, NULL),
                                                                                                        (207, 66, 9, NULL, NULL),
                                                                                                        (204, 67, 11, NULL, NULL),
                                                                                                        (205, 67, 6, NULL, NULL),
                                                                                                        (206, 67, 5, NULL, NULL),
                                                                                                        (211, 68, 9, NULL, NULL),
                                                                                                        (212, 68, 1, NULL, NULL),
                                                                                                        (213, 68, 2, NULL, NULL),
                                                                                                        (214, 68, 12, NULL, NULL),
                                                                                                        (215, 69, 9, NULL, NULL),
                                                                                                        (216, 69, 1, NULL, NULL),
                                                                                                        (217, 69, 2, NULL, NULL),
                                                                                                        (218, 69, 6, NULL, NULL),
                                                                                                        (219, 69, 5, NULL, NULL),
                                                                                                        (220, 70, 9, NULL, NULL),
                                                                                                        (221, 70, 17, NULL, NULL),
                                                                                                        (222, 70, 1, NULL, NULL),
                                                                                                        (223, 70, 12, NULL, NULL),
                                                                                                        (224, 71, 9, NULL, NULL),
                                                                                                        (225, 71, 11, NULL, NULL),
                                                                                                        (226, 74, 11, NULL, NULL),
                                                                                                        (227, 75, 11, NULL, NULL),
                                                                                                        (228, 76, 9, NULL, NULL),
                                                                                                        (229, 76, 11, NULL, NULL),
                                                                                                        (230, 76, 12, NULL, NULL),
                                                                                                        (232, 83, 1, NULL, NULL),
                                                                                                        (233, 84, 1, NULL, NULL),
                                                                                                        (234, 85, 1, NULL, NULL),
                                                                                                        (235, 85, 6, NULL, NULL),
                                                                                                        (236, 86, 1, NULL, NULL),
                                                                                                        (237, 86, 6, NULL, NULL),
                                                                                                        (238, 86, 8, NULL, NULL),
                                                                                                        (239, 86, 5, NULL, NULL),
                                                                                                        (240, 87, 16, NULL, NULL),
                                                                                                        (241, 87, 1, NULL, NULL),
                                                                                                        (242, 87, 7, NULL, NULL),
                                                                                                        (243, 87, 13, NULL, NULL),
                                                                                                        (244, 87, 8, NULL, NULL),
                                                                                                        (245, 88, 9, NULL, NULL),
                                                                                                        (246, 88, 12, NULL, NULL),
                                                                                                        (247, 88, 8, NULL, NULL),
                                                                                                        (248, 89, 1, NULL, NULL),
                                                                                                        (249, 89, 8, NULL, NULL),
                                                                                                        (250, 90, 1, NULL, NULL),
                                                                                                        (251, 90, 3, NULL, NULL),
                                                                                                        (252, 90, 2, NULL, NULL),
                                                                                                        (253, 91, 10, NULL, NULL),
                                                                                                        (254, 91, 1, NULL, NULL),
                                                                                                        (255, 91, 7, NULL, NULL),
                                                                                                        (256, 91, 3, NULL, NULL),
                                                                                                        (257, 91, 2, NULL, NULL),
                                                                                                        (258, 91, 6, NULL, NULL),
                                                                                                        (259, 91, 8, NULL, NULL),
                                                                                                        (260, 92, 9, NULL, NULL),
                                                                                                        (261, 92, 12, NULL, NULL),
                                                                                                        (262, 93, 9, NULL, NULL),
                                                                                                        (263, 93, 6, NULL, NULL),
                                                                                                        (264, 93, 12, NULL, NULL),
                                                                                                        (265, 95, 4, NULL, NULL),
                                                                                                        (266, 95, 3, NULL, NULL),
                                                                                                        (267, 95, 2, NULL, NULL),
                                                                                                        (268, 96, 9, NULL, NULL),
                                                                                                        (269, 96, 12, NULL, NULL),
                                                                                                        (283, 97, 8, NULL, NULL),
                                                                                                        (282, 97, 6, NULL, NULL),
                                                                                                        (281, 97, 2, NULL, NULL),
                                                                                                        (280, 97, 1, NULL, NULL),
                                                                                                        (279, 97, 9, NULL, NULL),
                                                                                                        (275, 98, 9, NULL, NULL),
                                                                                                        (276, 98, 1, NULL, NULL),
                                                                                                        (277, 98, 2, NULL, NULL),
                                                                                                        (278, 98, 6, NULL, NULL),
                                                                                                        (284, 101, 9, NULL, NULL),
                                                                                                        (285, 104, 16, NULL, NULL),
                                                                                                        (286, 105, 16, NULL, NULL),
                                                                                                        (287, 106, 9, NULL, NULL),
                                                                                                        (288, 106, 17, NULL, NULL),
                                                                                                        (289, 106, 11, NULL, NULL),
                                                                                                        (290, 106, 1, NULL, NULL),
                                                                                                        (291, 106, 2, NULL, NULL),
                                                                                                        (292, 106, 12, NULL, NULL),
                                                                                                        (293, 107, 9, NULL, NULL),
                                                                                                        (294, 107, 16, NULL, NULL),
                                                                                                        (295, 107, 13, NULL, NULL),
                                                                                                        (296, 107, 12, NULL, NULL),
                                                                                                        (297, 108, 9, NULL, NULL),
                                                                                                        (298, 108, 11, NULL, NULL),
                                                                                                        (299, 108, 1, NULL, NULL),
                                                                                                        (300, 108, 2, NULL, NULL),
                                                                                                        (301, 108, 6, NULL, NULL),
                                                                                                        (302, 108, 12, NULL, NULL),
                                                                                                        (303, 108, 8, NULL, NULL),
                                                                                                        (304, 109, 9, NULL, NULL),
                                                                                                        (305, 109, 1, NULL, NULL),
                                                                                                        (306, 109, 2, NULL, NULL),
                                                                                                        (307, 109, 6, NULL, NULL),
                                                                                                        (308, 109, 12, NULL, NULL),
                                                                                                        (309, 110, 9, NULL, NULL),
                                                                                                        (310, 110, 1, NULL, NULL),
                                                                                                        (311, 110, 2, NULL, NULL),
                                                                                                        (312, 110, 12, NULL, NULL),
                                                                                                        (313, 111, 9, NULL, NULL),
                                                                                                        (314, 111, 1, NULL, NULL),
                                                                                                        (315, 111, 2, NULL, NULL),
                                                                                                        (316, 111, 6, NULL, NULL),
                                                                                                        (317, 111, 12, NULL, NULL),
                                                                                                        (318, 111, 5, NULL, NULL),
                                                                                                        (319, 112, 9, NULL, NULL),
                                                                                                        (320, 112, 1, NULL, NULL),
                                                                                                        (321, 112, 2, NULL, NULL),
                                                                                                        (322, 112, 6, NULL, NULL),
                                                                                                        (323, 112, 5, NULL, NULL),
                                                                                                        (329, 113, 12, NULL, NULL),
                                                                                                        (328, 113, 9, NULL, NULL),
                                                                                                        (326, 114, 9, NULL, NULL),
                                                                                                        (327, 114, 12, NULL, NULL),
                                                                                                        (330, 113, 8, NULL, NULL),
                                                                                                        (331, 115, 16, NULL, NULL),
                                                                                                        (332, 116, 16, NULL, NULL),
                                                                                                        (333, 116, 13, NULL, NULL),
                                                                                                        (334, 116, 8, NULL, NULL),
                                                                                                        (335, 117, 16, NULL, NULL),
                                                                                                        (336, 118, 16, NULL, NULL),
                                                                                                        (337, 119, 16, NULL, NULL),
                                                                                                        (338, 121, 16, NULL, NULL),
                                                                                                        (339, 122, 16, NULL, NULL),
                                                                                                        (340, 126, 9, NULL, NULL),
                                                                                                        (341, 126, 12, NULL, NULL),
                                                                                                        (342, 129, 16, NULL, NULL);

--
-- Дамп данных таблицы `product_substrates`
--

INSERT INTO `product_substrates` (`id`, `product_id`, `substrate_id`, `created_at`, `updated_at`) VALUES
                                                                                                      (1, 1, 1, NULL, NULL),
                                                                                                      (312, 2, 4, NULL, NULL),
                                                                                                      (311, 2, 1, NULL, NULL),
                                                                                                      (306, 3, 4, NULL, NULL),
                                                                                                      (305, 3, 1, NULL, NULL),
                                                                                                      (304, 3, 3, NULL, NULL),
                                                                                                      (303, 3, 2, NULL, NULL),
                                                                                                      (43, 4, 4, NULL, NULL),
                                                                                                      (42, 4, 1, NULL, NULL),
                                                                                                      (41, 4, 3, NULL, NULL),
                                                                                                      (40, 4, 2, NULL, NULL),
                                                                                                      (39, 4, 5, NULL, NULL),
                                                                                                      (13, 5, 2, NULL, NULL),
                                                                                                      (14, 5, 1, NULL, NULL),
                                                                                                      (44, 6, 1, NULL, NULL),
                                                                                                      (45, 7, 1, NULL, NULL),
                                                                                                      (48, 8, 1, NULL, NULL),
                                                                                                      (47, 8, 3, NULL, NULL),
                                                                                                      (46, 8, 5, NULL, NULL),
                                                                                                      (20, 9, 1, NULL, NULL),
                                                                                                      (21, 9, 4, NULL, NULL),
                                                                                                      (22, 10, 5, NULL, NULL),
                                                                                                      (23, 10, 2, NULL, NULL),
                                                                                                      (24, 10, 1, NULL, NULL),
                                                                                                      (25, 11, 1, NULL, NULL),
                                                                                                      (49, 12, 1, NULL, NULL),
                                                                                                      (51, 13, 4, NULL, NULL),
                                                                                                      (50, 13, 1, NULL, NULL),
                                                                                                      (265, 14, 1, NULL, NULL),
                                                                                                      (32, 15, 2, NULL, NULL),
                                                                                                      (33, 15, 1, NULL, NULL),
                                                                                                      (267, 16, 1, NULL, NULL),
                                                                                                      (266, 16, 2, NULL, NULL),
                                                                                                      (54, 17, 1, NULL, NULL),
                                                                                                      (55, 18, 1, NULL, NULL),
                                                                                                      (56, 19, 2, NULL, NULL),
                                                                                                      (57, 19, 1, NULL, NULL),
                                                                                                      (58, 20, 1, NULL, NULL),
                                                                                                      (59, 21, 1, NULL, NULL),
                                                                                                      (60, 22, 2, NULL, NULL),
                                                                                                      (61, 23, 2, NULL, NULL),
                                                                                                      (62, 24, 2, NULL, NULL),
                                                                                                      (63, 25, 1, NULL, NULL),
                                                                                                      (64, 26, 1, NULL, NULL),
                                                                                                      (65, 27, 1, NULL, NULL),
                                                                                                      (268, 28, 1, NULL, NULL),
                                                                                                      (101, 29, 4, NULL, NULL),
                                                                                                      (100, 29, 1, NULL, NULL),
                                                                                                      (99, 29, 3, NULL, NULL),
                                                                                                      (98, 29, 2, NULL, NULL),
                                                                                                      (97, 29, 5, NULL, NULL),
                                                                                                      (96, 30, 4, NULL, NULL),
                                                                                                      (95, 30, 1, NULL, NULL),
                                                                                                      (94, 30, 3, NULL, NULL),
                                                                                                      (93, 30, 2, NULL, NULL),
                                                                                                      (92, 30, 5, NULL, NULL),
                                                                                                      (141, 31, 1, NULL, NULL),
                                                                                                      (83, 32, 2, NULL, NULL),
                                                                                                      (84, 32, 3, NULL, NULL),
                                                                                                      (85, 32, 1, NULL, NULL),
                                                                                                      (86, 32, 4, NULL, NULL),
                                                                                                      (87, 33, 2, NULL, NULL),
                                                                                                      (88, 33, 1, NULL, NULL),
                                                                                                      (89, 33, 4, NULL, NULL),
                                                                                                      (142, 34, 1, NULL, NULL),
                                                                                                      (91, 35, 1, NULL, NULL),
                                                                                                      (103, 36, 1, NULL, NULL),
                                                                                                      (271, 37, 1, NULL, NULL),
                                                                                                      (270, 37, 3, NULL, NULL),
                                                                                                      (269, 37, 2, NULL, NULL),
                                                                                                      (107, 38, 1, NULL, NULL),
                                                                                                      (108, 39, 1, NULL, NULL),
                                                                                                      (109, 40, 2, NULL, NULL),
                                                                                                      (110, 40, 3, NULL, NULL),
                                                                                                      (111, 40, 1, NULL, NULL),
                                                                                                      (112, 41, 1, NULL, NULL),
                                                                                                      (113, 42, 1, NULL, NULL),
                                                                                                      (114, 43, 1, NULL, NULL),
                                                                                                      (117, 44, 1, NULL, NULL),
                                                                                                      (116, 45, 1, NULL, NULL),
                                                                                                      (118, 46, 1, NULL, NULL),
                                                                                                      (119, 47, 3, NULL, NULL),
                                                                                                      (120, 47, 1, NULL, NULL),
                                                                                                      (121, 48, 1, NULL, NULL),
                                                                                                      (122, 49, 2, NULL, NULL),
                                                                                                      (123, 49, 1, NULL, NULL),
                                                                                                      (124, 50, 2, NULL, NULL),
                                                                                                      (125, 50, 3, NULL, NULL),
                                                                                                      (126, 50, 1, NULL, NULL),

                                                                                                      (132, 52, 2, NULL, NULL),
                                                                                                      (133, 52, 3, NULL, NULL),
                                                                                                      (134, 52, 1, NULL, NULL),
                                                                                                      (135, 53, 3, NULL, NULL),
                                                                                                      (136, 53, 1, NULL, NULL),
                                                                                                      (137, 53, 4, NULL, NULL),
                                                                                                      (138, 54, 3, NULL, NULL),
                                                                                                      (139, 54, 1, NULL, NULL),
                                                                                                      (140, 54, 4, NULL, NULL),
                                                                                                      (146, 55, 1, NULL, NULL),
                                                                                                      (145, 55, 2, NULL, NULL),
                                                                                                      (154, 57, 1, NULL, NULL),
                                                                                                      (153, 57, 2, NULL, NULL),
                                                                                                      (151, 58, 3, NULL, NULL),
                                                                                                      (152, 58, 1, NULL, NULL),
                                                                                                      (155, 59, 3, NULL, NULL),
                                                                                                      (156, 59, 1, NULL, NULL),
                                                                                                      (157, 60, 2, NULL, NULL),
                                                                                                      (158, 60, 3, NULL, NULL),
                                                                                                      (159, 60, 1, NULL, NULL),
                                                                                                      (160, 60, 4, NULL, NULL),
                                                                                                      (161, 61, 2, NULL, NULL),
                                                                                                      (162, 61, 1, NULL, NULL),
                                                                                                      (163, 62, 2, NULL, NULL),
                                                                                                      (164, 62, 1, NULL, NULL),
                                                                                                      (165, 63, 2, NULL, NULL),
                                                                                                      (166, 63, 1, NULL, NULL),
                                                                                                      (167, 64, 2, NULL, NULL),
                                                                                                      (168, 64, 1, NULL, NULL),
                                                                                                      (169, 65, 3, NULL, NULL),
                                                                                                      (170, 65, 1, NULL, NULL),
                                                                                                      (171, 65, 4, NULL, NULL),
                                                                                                      (175, 66, 1, NULL, NULL),
                                                                                                      (173, 67, 2, NULL, NULL),
                                                                                                      (174, 67, 1, NULL, NULL),
                                                                                                      (176, 68, 1, NULL, NULL),
                                                                                                      (177, 69, 1, NULL, NULL),
                                                                                                      (178, 70, 1, NULL, NULL),
                                                                                                      (179, 71, 1, NULL, NULL),
                                                                                                      (180, 72, 1, NULL, NULL),
                                                                                                      (181, 73, 1, NULL, NULL),
                                                                                                      (182, 74, 1, NULL, NULL),
                                                                                                      (183, 75, 1, NULL, NULL),
                                                                                                      (184, 76, 5, NULL, NULL),
                                                                                                      (185, 76, 3, NULL, NULL),
                                                                                                      (186, 76, 1, NULL, NULL),
                                                                                                      (187, 76, 4, NULL, NULL),
                                                                                                      (188, 77, 1, NULL, NULL),
                                                                                                      (189, 78, 1, NULL, NULL),
                                                                                                      (191, 79, 2, NULL, NULL),
                                                                                                      (192, 79, 1, NULL, NULL),
                                                                                                      (193, 80, 3, NULL, NULL),
                                                                                                      (194, 80, 1, NULL, NULL),
                                                                                                      (195, 81, 3, NULL, NULL),
                                                                                                      (196, 81, 1, NULL, NULL),
                                                                                                      (197, 81, 4, NULL, NULL),
                                                                                                      (198, 82, 1, NULL, NULL),
                                                                                                      (200, 83, 1, NULL, NULL),
                                                                                                      (201, 84, 1, NULL, NULL),
                                                                                                      (202, 85, 1, NULL, NULL),
                                                                                                      (203, 86, 1, NULL, NULL),
                                                                                                      (204, 87, 1, NULL, NULL),
                                                                                                      (205, 88, 1, NULL, NULL),
                                                                                                      (206, 89, 1, NULL, NULL),
                                                                                                      (207, 90, 2, NULL, NULL),
                                                                                                      (208, 90, 1, NULL, NULL),
                                                                                                      (209, 91, 1, NULL, NULL),
                                                                                                      (210, 92, 1, NULL, NULL),
                                                                                                      (211, 93, 1, NULL, NULL),
                                                                                                      (212, 94, 1, NULL, NULL),
                                                                                                      (213, 95, 1, NULL, NULL),
                                                                                                      (214, 96, 1, NULL, NULL),
                                                                                                      (223, 97, 4, NULL, NULL),
                                                                                                      (222, 97, 1, NULL, NULL),
                                                                                                      (221, 97, 3, NULL, NULL),
                                                                                                      (218, 98, 3, NULL, NULL),
                                                                                                      (219, 98, 1, NULL, NULL),
                                                                                                      (220, 98, 4, NULL, NULL),
                                                                                                      (226, 99, 1, NULL, NULL),
                                                                                                      (225, 100, 1, NULL, NULL),
                                                                                                      (227, 101, 6, NULL, NULL),
                                                                                                      (228, 102, 1, NULL, NULL),
                                                                                                      (229, 103, 1, NULL, NULL),
                                                                                                      (230, 104, 1, NULL, NULL),
                                                                                                      (231, 105, 1, NULL, NULL),
                                                                                                      (232, 106, 2, NULL, NULL),
                                                                                                      (233, 106, 1, NULL, NULL),
                                                                                                      (234, 107, 2, NULL, NULL),
                                                                                                      (235, 107, 3, NULL, NULL),
                                                                                                      (236, 107, 1, NULL, NULL),
                                                                                                      (237, 107, 4, NULL, NULL),
                                                                                                      (238, 108, 1, NULL, NULL),
                                                                                                      (239, 109, 1, NULL, NULL),
                                                                                                      (240, 110, 1, NULL, NULL),
                                                                                                      (241, 111, 2, NULL, NULL),
                                                                                                      (242, 111, 1, NULL, NULL),
                                                                                                      (243, 112, 2, NULL, NULL),
                                                                                                      (244, 112, 1, NULL, NULL),
                                                                                                      (247, 113, 1, NULL, NULL),
                                                                                                      (246, 114, 1, NULL, NULL),
                                                                                                      (248, 115, 1, NULL, NULL),
                                                                                                      (249, 116, 1, NULL, NULL),
                                                                                                      (250, 116, 4, NULL, NULL),
                                                                                                      (251, 117, 1, NULL, NULL),
                                                                                                      (252, 118, 1, NULL, NULL),
                                                                                                      (253, 119, 1, NULL, NULL),
                                                                                                      (254, 119, 4, NULL, NULL),
                                                                                                      (255, 120, 1, NULL, NULL),
                                                                                                      (256, 121, 1, NULL, NULL),
                                                                                                      (257, 122, 1, NULL, NULL),
                                                                                                      (258, 123, 1, NULL, NULL),
                                                                                                      (259, 124, 1, NULL, NULL),
                                                                                                      (260, 125, 1, NULL, NULL),
                                                                                                      (261, 126, 1, NULL, NULL),
                                                                                                      (262, 127, 1, NULL, NULL),
                                                                                                      (263, 128, 1, NULL, NULL),
                                                                                                      (264, 129, 1, NULL, NULL);

